Nome do Item,Classificação do Produto,Valor em Reais (R$),Quantidade em Estoque,Nome da Loja,Data da Venda
Base líquida,Roupas,38.01,77,Filial 5,2023-04-03 03:29:53.201930
Base líquida,Roupas,86.78,90,Filial 8,2023-03-21 03:29:53.201930
Base líquida,Eletrônicos,34.43,22,Filial 10,2023-03-02 03:29:53.201930
Lápis de sobrancelha,Roupas,9.4,73,Filial 9,2023-03-23 03:29:53.201930
Lápis de sobrancelha,Alimentos,89.25,26,Filial 4,2022-09-27 03:29:53.201930
Batom líquido,Alimentos,3.45,32,Filial 1,2022-12-16 03:29:53.201930
Sombra de olhos,Alimentos,35.01,41,Filial 6,2022-08-22 03:29:53.201930
Base líquida,Eletrodomésticos,34.93,39,Filial 8,2023-05-27 03:29:53.201930
Corretivo,Eletrônicos,75.54,79,Filial 1,2022-11-07 03:29:53.201930
Delineador líquido,Eletrodomésticos,53.04,26,Filial 4,2022-10-04 03:29:53.201930
Base líquida,Roupas,21.85,3,Filial 7,2022-09-22 03:29:53.201930
Máscara de cílios,Eletrodomésticos,25.28,41,Filial 7,2022-11-03 03:29:53.201930
Delineador líquido,Alimentos,27.11,10,Filial 8,2023-08-07 03:29:53.201930
Delineador líquido,Eletrônicos,86.33,64,Filial 9,2022-11-13 03:29:53.201930
Batom líquido,Eletrônicos,34.32,33,Filial 4,2023-07-27 03:29:53.201930
Pó compacto,Eletrodomésticos,17.68,43,Filial 6,2023-06-13 03:29:53.201930
Batom líquido,Eletrodomésticos,66.29,86,Filial 10,2023-08-04 03:29:53.201930
Lápis de sobrancelha,Eletrônicos,95.06,26,Filial 9,2022-12-09 03:29:53.201930
Batom matte,Eletrônicos,3.2,24,Filial 8,2022-11-28 03:29:53.201930
Base líquida,Alimentos,30.86,36,Filial 9,2022-12-07 03:29:53.201930
Máscara de cílios,Alimentos,18.83,95,Filial 5,2023-01-29 03:29:53.201930
Base líquida,Eletrodomésticos,8.65,59,Filial 4,2022-10-13 03:29:53.201930
Pó compacto,Eletrodomésticos,59.39,19,Filial 6,2022-11-09 03:29:53.201930
Corretivo,Eletrônicos,91.88,70,Filial 1,2022-12-05 03:29:53.201930
Delineador líquido,Roupas,13.57,28,Filial 6,2022-12-06 03:29:53.201930
Batom líquido,Eletrodomésticos,51.99,93,Filial 6,2023-01-23 03:29:53.201930
Blush em pó,Eletrônicos,32.8,30,Filial 10,2023-01-18 03:29:53.201930
Delineador líquido,Eletrônicos,59.71,14,Filial 9,2023-04-02 03:29:53.201930
Blush em pó,Alimentos,14.61,52,Filial 9,2022-12-12 03:29:53.201930
Batom matte,Eletrodomésticos,4.63,91,Filial 10,2022-10-06 03:29:53.201930
Corretivo,Alimentos,50.04,75,Filial 9,2023-07-08 03:29:53.201930
Máscara de cílios,Roupas,72.91,73,Filial 2,2023-08-11 03:29:53.201930
Delineador líquido,Alimentos,83.93,23,Filial 10,2023-04-06 03:29:53.201930
Sombra de olhos,Eletrodomésticos,46.45,26,Filial 2,2023-07-07 03:29:53.201930
Batom líquido,Eletrônicos,11.17,2,Filial 1,2022-12-16 03:29:53.201930
Blush em pó,Roupas,2.09,90,Filial 4,2023-05-14 03:29:53.201930
Pó compacto,Alimentos,11.84,26,Filial 7,2023-03-03 03:29:53.201930
Pó compacto,Roupas,4.5,41,Filial 3,2022-11-10 03:29:53.201930
Delineador líquido,Roupas,58.57,87,Filial 6,2023-05-14 03:29:53.201930
Lápis de sobrancelha,Alimentos,35.1,43,Filial 7,2022-12-25 03:29:53.201930
Máscara de cílios,Eletrodomésticos,19.49,69,Filial 5,2023-02-26 03:29:53.201930
Delineador líquido,Eletrônicos,38.15,35,Filial 5,2022-11-05 03:29:53.201930
Sombra de olhos,Roupas,37.89,79,Filial 9,2023-03-30 03:29:53.201930
Delineador líquido,Eletrodomésticos,30.18,65,Filial 5,2022-11-14 03:29:53.201930
Batom matte,Alimentos,19.74,16,Filial 2,2023-02-20 03:29:53.201930
Batom líquido,Alimentos,80.36,16,Filial 10,2022-11-23 03:29:53.201930
Sombra de olhos,Roupas,55.16,84,Filial 7,2023-01-19 03:29:53.201930
Batom líquido,Eletrônicos,58.16,44,Filial 8,2022-11-04 03:29:53.201930
Base líquida,Roupas,34.31,49,Filial 10,2022-11-16 03:29:53.201930
Lápis de sobrancelha,Eletrodomésticos,73.15,97,Filial 10,2023-05-10 03:29:53.201930
Base líquida,Eletrônicos,21.66,96,Filial 1,2022-09-07 03:29:53.201930
Pó compacto,Eletrodomésticos,4.82,25,Filial 9,2022-12-20 03:29:53.201930
Batom matte,Roupas,7.77,44,Filial 2,2022-12-15 03:29:53.201930
Blush em pó,Eletrodomésticos,14.68,44,Filial 9,2022-12-01 03:29:53.201930
Base líquida,Roupas,63.14,85,Filial 3,2023-05-18 03:29:53.201930
Lápis de sobrancelha,Alimentos,94.98,12,Filial 9,2023-05-19 03:29:53.201930
Sombra de olhos,Eletrodomésticos,95.95,34,Filial 7,2023-08-04 03:29:53.201930
Blush em pó,Eletrônicos,3.15,95,Filial 5,2022-12-13 03:29:53.201930
Delineador líquido,Alimentos,84.37,94,Filial 1,2023-06-30 03:29:53.201930
Pó compacto,Eletrônicos,1.1,73,Filial 2,2023-05-08 03:29:53.201930
Lápis de sobrancelha,Alimentos,97.49,62,Filial 10,2022-09-03 03:29:53.201930
Delineador líquido,Alimentos,75.04,74,Filial 4,2023-08-10 03:29:53.201930
Blush em pó,Eletrônicos,86.51,11,Filial 2,2022-08-24 03:29:53.201930
Delineador líquido,Alimentos,89.32,88,Filial 8,2023-07-13 03:29:53.201930
Máscara de cílios,Eletrônicos,69.54,65,Filial 5,2023-02-22 03:29:53.201930
Pó compacto,Eletrodomésticos,69.16,40,Filial 8,2023-03-09 03:29:53.201930
Lápis de sobrancelha,Eletrônicos,70.85,29,Filial 7,2023-01-09 03:29:53.201930
Lápis de sobrancelha,Alimentos,71.77,33,Filial 5,2023-05-17 03:29:53.201930
Corretivo,Roupas,30.57,37,Filial 10,2022-10-11 03:29:53.201930
Delineador líquido,Alimentos,44.82,37,Filial 1,2022-11-17 03:29:53.201930
Máscara de cílios,Alimentos,4.26,96,Filial 4,2022-12-06 03:29:53.201930
Corretivo,Roupas,71.43,93,Filial 5,2023-01-19 03:29:53.201930
Corretivo,Alimentos,90.45,27,Filial 4,2022-11-24 03:29:53.201930
Batom matte,Roupas,26.11,16,Filial 5,2023-02-26 03:29:53.201930
Batom matte,Eletrônicos,83.56,48,Filial 9,2023-07-07 03:29:53.201930
Batom matte,Eletrônicos,4.89,29,Filial 5,2023-06-29 03:29:53.201930
Sombra de olhos,Roupas,53.48,29,Filial 9,2022-12-15 03:29:53.201930
Pó compacto,Alimentos,24.44,59,Filial 7,2022-09-13 03:29:53.201930
Base líquida,Eletrodomésticos,55.11,98,Filial 1,2023-04-08 03:29:53.201930
Pó compacto,Roupas,86.03,83,Filial 10,2022-10-05 03:29:53.201930
Base líquida,Eletrônicos,10.69,86,Filial 4,2023-05-09 03:29:53.201930
Sombra de olhos,Roupas,67.34,90,Filial 3,2022-11-11 03:29:53.201930
Batom líquido,Eletrodomésticos,57.47,61,Filial 4,2023-07-28 03:29:53.201930
Blush em pó,Alimentos,92.73,34,Filial 5,2023-08-03 03:29:53.201930
Batom matte,Eletrônicos,52.36,10,Filial 3,2022-10-30 03:29:53.201930
Delineador líquido,Eletrodomésticos,89.73,19,Filial 8,2023-01-18 03:29:53.201930
Pó compacto,Roupas,23.84,29,Filial 5,2023-01-01 03:29:53.201930
Base líquida,Alimentos,1.58,83,Filial 2,2023-07-12 03:29:53.201930
Delineador líquido,Roupas,44.81,91,Filial 9,2023-08-01 03:29:53.201930
Lápis de sobrancelha,Eletrodomésticos,34.73,82,Filial 7,2023-02-08 03:29:53.201930
Corretivo,Eletrodomésticos,52.71,24,Filial 7,2023-08-16 03:29:53.201930
Lápis de sobrancelha,Alimentos,69.81,57,Filial 6,2022-09-12 03:29:53.201930
Lápis de sobrancelha,Alimentos,5.28,54,Filial 5,2023-06-09 03:29:53.201930
Sombra de olhos,Alimentos,6.47,15,Filial 7,2023-02-12 03:29:53.201930
Batom líquido,Eletrônicos,84.69,18,Filial 3,2023-08-12 03:29:53.201930
Base líquida,Eletrodomésticos,96.68,1,Filial 2,2022-11-19 03:29:53.201930
Máscara de cílios,Eletrônicos,20.73,84,Filial 7,2022-09-20 03:29:53.201930
Máscara de cílios,Roupas,70.34,62,Filial 4,2022-12-04 03:29:53.201930
Sombra de olhos,Roupas,52.22,98,Filial 2,2023-01-10 03:29:53.201930
Base líquida,Eletrônicos,71.01,87,Filial 7,2023-01-07 03:29:53.201930
Batom líquido,Eletrodomésticos,82.19,29,Filial 7,2023-01-06 03:29:53.201930
Máscara de cílios,Alimentos,22.11,54,Filial 6,2023-05-01 03:29:53.201930
Corretivo,Eletrodomésticos,93.58,100,Filial 4,2023-07-25 03:29:53.201930
Máscara de cílios,Roupas,94.22,99,Filial 10,2022-09-04 03:29:53.201930
Pó compacto,Roupas,93.55,97,Filial 8,2022-09-04 03:29:53.201930
Máscara de cílios,Eletrodomésticos,85.84,46,Filial 1,2023-06-09 03:29:53.201930
Batom matte,Eletrodomésticos,23.59,76,Filial 7,2023-03-05 03:29:53.201930
Delineador líquido,Eletrônicos,93.54,54,Filial 3,2022-10-04 03:29:53.201930
Delineador líquido,Alimentos,79.04,3,Filial 2,2023-03-12 03:29:53.201930
Sombra de olhos,Roupas,68.13,18,Filial 3,2022-11-19 03:29:53.201930
Base líquida,Eletrodomésticos,35.69,10,Filial 6,2023-08-22 03:29:53.201930
Máscara de cílios,Eletrodomésticos,57.83,1,Filial 5,2023-08-21 03:29:53.201930
Batom matte,Alimentos,87.47,74,Filial 5,2023-04-06 03:29:53.201930
Batom matte,Roupas,6.98,69,Filial 6,2023-03-19 03:29:53.201930
Blush em pó,Alimentos,40.53,59,Filial 7,2023-07-13 03:29:53.201930
Base líquida,Alimentos,15.67,1,Filial 5,2023-06-22 03:29:53.201930
Máscara de cílios,Roupas,94.87,62,Filial 6,2022-09-05 03:29:53.201930
Corretivo,Eletrônicos,46.0,1,Filial 1,2023-05-30 03:29:53.201930
Delineador líquido,Eletrodomésticos,18.85,5,Filial 10,2022-08-26 03:29:53.201930
Delineador líquido,Roupas,34.12,76,Filial 9,2022-09-06 03:29:53.201930
Corretivo,Roupas,66.07,34,Filial 3,2023-08-05 03:29:53.201930
Máscara de cílios,Alimentos,44.72,19,Filial 2,2022-08-25 03:29:53.201930
Máscara de cílios,Alimentos,74.79,4,Filial 6,2023-02-18 03:29:53.201930
Pó compacto,Eletrônicos,41.45,57,Filial 6,2023-06-02 03:29:53.201930
Blush em pó,Roupas,87.5,52,Filial 6,2022-11-02 03:29:53.201930
Delineador líquido,Eletrônicos,43.15,64,Filial 5,2023-02-27 03:29:53.201930
Batom líquido,Roupas,62.63,56,Filial 8,2023-08-21 03:29:53.201930
Sombra de olhos,Eletrônicos,90.5,96,Filial 9,2023-08-22 03:29:53.201930
Corretivo,Eletrodomésticos,24.45,38,Filial 6,2022-10-04 03:29:53.201930
Base líquida,Roupas,13.55,47,Filial 10,2022-12-04 03:29:53.201930
Batom matte,Eletrônicos,3.34,37,Filial 1,2023-05-14 03:29:53.201930
Base líquida,Alimentos,55.25,5,Filial 5,2023-03-10 03:29:53.201930
Batom matte,Roupas,47.11,1,Filial 2,2023-01-10 03:29:53.201930
Pó compacto,Eletrônicos,71.26,59,Filial 3,2022-11-17 03:29:53.201930
Sombra de olhos,Alimentos,48.3,66,Filial 5,2023-08-06 03:29:53.201930
Lápis de sobrancelha,Alimentos,26.71,13,Filial 9,2023-07-16 03:29:53.201930
Máscara de cílios,Eletrônicos,9.19,65,Filial 7,2022-11-26 03:29:53.201930
Base líquida,Eletrodomésticos,24.23,77,Filial 3,2022-09-13 03:29:53.201930
Batom líquido,Alimentos,33.24,24,Filial 2,2023-02-01 03:29:53.201930
Delineador líquido,Eletrodomésticos,67.09,31,Filial 8,2023-07-09 03:29:53.201930
Pó compacto,Eletrodomésticos,17.62,59,Filial 6,2022-11-18 03:29:53.201930
Batom matte,Eletrônicos,49.41,90,Filial 5,2022-11-19 03:29:53.201930
Máscara de cílios,Roupas,99.91,48,Filial 1,2023-07-26 03:29:53.201930
Sombra de olhos,Eletrônicos,54.17,71,Filial 9,2023-06-10 03:29:53.201930
Batom líquido,Alimentos,73.32,15,Filial 10,2023-01-28 03:29:53.201930
Lápis de sobrancelha,Eletrodomésticos,10.7,36,Filial 9,2022-10-03 03:29:53.201930
Pó compacto,Alimentos,20.19,42,Filial 3,2023-05-01 03:29:53.201930
Sombra de olhos,Alimentos,39.72,96,Filial 3,2023-03-07 03:29:53.201930
Batom líquido,Roupas,14.61,72,Filial 4,2022-12-31 03:29:53.201930
Pó compacto,Roupas,11.17,42,Filial 9,2023-06-08 03:29:53.201930
Lápis de sobrancelha,Roupas,70.27,84,Filial 8,2022-10-26 03:29:53.201930
Máscara de cílios,Roupas,14.75,41,Filial 9,2022-11-14 03:29:53.201930
Delineador líquido,Eletrônicos,67.29,65,Filial 3,2023-06-03 03:29:53.201930
Pó compacto,Eletrônicos,76.81,69,Filial 2,2023-04-11 03:29:53.201930
Delineador líquido,Alimentos,4.29,40,Filial 7,2022-09-29 03:29:53.201930
Máscara de cílios,Alimentos,63.36,94,Filial 6,2022-12-02 03:29:53.201930
Máscara de cílios,Eletrônicos,69.37,91,Filial 2,2023-03-07 03:29:53.201930
Máscara de cílios,Alimentos,55.4,66,Filial 8,2023-01-15 03:29:53.201930
Batom líquido,Alimentos,11.69,88,Filial 3,2023-06-20 03:29:53.201930
Batom matte,Eletrodomésticos,71.95,68,Filial 2,2022-10-06 03:29:53.201930
Corretivo,Alimentos,56.17,65,Filial 7,2023-05-29 03:29:53.201930
Base líquida,Roupas,90.68,98,Filial 8,2023-01-19 03:29:53.201930
Base líquida,Eletrônicos,88.22,57,Filial 4,2023-01-27 03:29:53.201930
Base líquida,Alimentos,28.88,79,Filial 5,2023-05-12 03:29:53.201930
Lápis de sobrancelha,Alimentos,55.56,38,Filial 2,2022-10-13 03:29:53.201930
Corretivo,Eletrônicos,33.45,78,Filial 2,2023-01-05 03:29:53.201930
Lápis de sobrancelha,Eletrodomésticos,62.96,76,Filial 8,2022-09-05 03:29:53.201930
Base líquida,Roupas,79.71,68,Filial 2,2023-04-21 03:29:53.201930
Corretivo,Alimentos,58.32,39,Filial 10,2023-06-29 03:29:53.201930
Delineador líquido,Alimentos,59.25,67,Filial 2,2022-12-07 03:29:53.201930
Sombra de olhos,Alimentos,21.62,40,Filial 7,2022-09-20 03:29:53.201930
Sombra de olhos,Eletrônicos,31.81,83,Filial 10,2023-01-26 03:29:53.201930
Corretivo,Eletrodomésticos,47.83,29,Filial 8,2022-10-26 03:29:53.201930
Sombra de olhos,Eletrodomésticos,55.15,33,Filial 2,2023-08-17 03:29:53.201930
Delineador líquido,Eletrônicos,44.54,15,Filial 9,2022-12-13 03:29:53.201930
Delineador líquido,Alimentos,62.52,77,Filial 10,2023-05-06 03:29:53.201930
Batom líquido,Eletrodomésticos,36.12,6,Filial 10,2023-05-14 03:29:53.201930
Pó compacto,Alimentos,78.49,26,Filial 8,2022-11-25 03:29:53.201930
Pó compacto,Eletrônicos,66.47,66,Filial 8,2023-02-06 03:29:53.201930
Delineador líquido,Eletrodomésticos,37.53,12,Filial 7,2022-12-07 03:29:53.201930
Lápis de sobrancelha,Roupas,96.94,69,Filial 3,2022-10-06 03:29:53.201930
Delineador líquido,Alimentos,66.64,74,Filial 3,2022-09-23 03:29:53.201930
Pó compacto,Roupas,25.25,81,Filial 2,2023-01-11 03:29:53.201930
Pó compacto,Eletrodomésticos,72.06,58,Filial 4,2022-11-26 03:29:53.201930
Sombra de olhos,Roupas,15.32,33,Filial 6,2022-12-08 03:29:53.201930
Batom líquido,Alimentos,32.04,72,Filial 7,2023-03-09 03:29:53.201930
Delineador líquido,Roupas,38.25,37,Filial 4,2023-07-14 03:29:53.201930
Base líquida,Eletrodomésticos,20.73,94,Filial 1,2023-06-27 03:29:53.201930
Batom líquido,Alimentos,44.22,92,Filial 9,2023-03-19 03:29:53.201930
Base líquida,Alimentos,24.72,7,Filial 5,2022-09-22 03:29:53.201930
Corretivo,Eletrônicos,75.25,14,Filial 10,2022-12-31 03:29:53.201930
Base líquida,Alimentos,76.06,31,Filial 10,2023-01-16 03:29:53.201930
Delineador líquido,Eletrodomésticos,51.7,30,Filial 9,2023-05-08 03:29:53.201930
Máscara de cílios,Alimentos,48.24,1,Filial 5,2022-12-07 03:29:53.201930
Lápis de sobrancelha,Alimentos,38.69,74,Filial 10,2023-04-02 03:29:53.201930
Batom matte,Eletrônicos,28.38,72,Filial 6,2023-02-09 03:29:53.201930
Delineador líquido,Roupas,56.32,91,Filial 8,2023-07-23 03:29:53.201930
Corretivo,Eletrônicos,58.44,40,Filial 4,2022-10-03 03:29:53.201930
Base líquida,Eletrônicos,28.55,70,Filial 10,2023-06-15 03:29:53.201930
Pó compacto,Eletrodomésticos,79.51,4,Filial 10,2022-10-04 03:29:53.201930
Batom matte,Eletrodomésticos,66.08,58,Filial 10,2022-08-29 03:29:53.201930
Pó compacto,Eletrônicos,56.37,43,Filial 6,2023-02-01 03:29:53.201930
Delineador líquido,Alimentos,17.69,60,Filial 9,2023-02-05 03:29:53.201930
Base líquida,Roupas,39.95,29,Filial 4,2023-06-01 03:29:53.201930
Máscara de cílios,Alimentos,21.74,86,Filial 3,2022-12-02 03:29:53.201930
Sombra de olhos,Alimentos,64.75,64,Filial 10,2023-06-05 03:29:53.201930
Base líquida,Eletrônicos,96.49,60,Filial 10,2023-04-12 03:29:53.201930
Sombra de olhos,Alimentos,45.09,18,Filial 9,2023-03-28 03:29:53.201930
Blush em pó,Roupas,55.7,46,Filial 1,2023-08-09 03:29:53.201930
Sombra de olhos,Eletrodomésticos,87.02,71,Filial 10,2023-06-24 03:29:53.201930
Blush em pó,Eletrônicos,27.49,11,Filial 2,2023-07-13 03:29:53.201930
Sombra de olhos,Eletrônicos,6.26,84,Filial 4,2022-09-06 03:29:53.201930
Sombra de olhos,Alimentos,78.08,88,Filial 8,2022-09-15 03:29:53.201930
Corretivo,Eletrodomésticos,4.7,43,Filial 8,2022-12-20 03:29:53.201930
Sombra de olhos,Roupas,13.57,55,Filial 4,2023-02-06 03:29:53.201930
Máscara de cílios,Eletrônicos,5.58,57,Filial 3,2023-07-17 03:29:53.201930
Máscara de cílios,Alimentos,75.26,17,Filial 4,2022-12-13 03:29:53.201930
Máscara de cílios,Alimentos,51.01,53,Filial 8,2023-04-25 03:29:53.201930
Lápis de sobrancelha,Alimentos,81.5,22,Filial 9,2023-07-30 03:29:53.201930
Máscara de cílios,Alimentos,10.85,79,Filial 1,2022-12-21 03:29:53.201930
Base líquida,Alimentos,60.7,87,Filial 7,2023-05-29 03:29:53.201930
Corretivo,Alimentos,72.19,74,Filial 6,2023-05-12 03:29:53.201930
Máscara de cílios,Alimentos,14.64,66,Filial 7,2022-10-30 03:29:53.201930
Corretivo,Eletrônicos,44.59,67,Filial 4,2023-06-04 03:29:53.201930
Batom matte,Eletrodomésticos,84.31,99,Filial 7,2022-09-24 03:29:53.201930
Sombra de olhos,Eletrônicos,71.43,48,Filial 7,2022-12-01 03:29:53.201930
Máscara de cílios,Alimentos,13.35,3,Filial 10,2023-03-02 03:29:53.201930
Batom matte,Eletrodomésticos,66.54,88,Filial 7,2023-02-16 03:29:53.201930
Lápis de sobrancelha,Alimentos,79.94,22,Filial 6,2022-10-13 03:29:53.201930
Sombra de olhos,Alimentos,2.01,22,Filial 8,2023-04-29 03:29:53.201930
Pó compacto,Roupas,80.91,18,Filial 2,2022-08-30 03:29:53.201930
Pó compacto,Roupas,29.34,29,Filial 7,2023-04-28 03:29:53.201930
Base líquida,Eletrônicos,77.64,63,Filial 10,2022-09-30 03:29:53.201930
Batom matte,Eletrodomésticos,51.89,35,Filial 1,2023-02-14 03:29:53.201930
Blush em pó,Roupas,24.84,33,Filial 9,2023-04-30 03:29:53.201930
Blush em pó,Roupas,97.02,48,Filial 9,2023-04-18 03:29:53.201930
Batom líquido,Eletrodomésticos,13.47,71,Filial 6,2023-01-10 03:29:53.201930
Batom líquido,Eletrodomésticos,47.67,70,Filial 9,2022-12-25 03:29:53.201930
Pó compacto,Roupas,25.98,98,Filial 6,2022-10-05 03:29:53.201930
Batom líquido,Alimentos,2.51,96,Filial 10,2023-05-02 03:29:53.201930
Máscara de cílios,Eletrodomésticos,13.98,57,Filial 8,2023-08-17 03:29:53.201930
Base líquida,Eletrônicos,40.49,55,Filial 9,2022-12-05 03:29:53.201930
Blush em pó,Alimentos,30.93,57,Filial 2,2023-03-14 03:29:53.201930
Batom líquido,Eletrônicos,83.85,45,Filial 4,2023-01-19 03:29:53.201930
Batom líquido,Eletrodomésticos,64.83,83,Filial 9,2022-12-30 03:29:53.201930
Sombra de olhos,Alimentos,95.95,96,Filial 10,2023-03-01 03:29:53.201930
Delineador líquido,Eletrônicos,5.25,9,Filial 2,2022-08-26 03:29:53.201930
Batom matte,Eletrônicos,90.94,7,Filial 9,2022-11-20 03:29:53.201930
Lápis de sobrancelha,Eletrodomésticos,65.59,84,Filial 2,2022-09-21 03:29:53.201930
Blush em pó,Eletrônicos,9.65,58,Filial 10,2022-10-26 03:29:53.201930
Blush em pó,Roupas,25.12,1,Filial 5,2023-04-13 03:29:53.201930
Máscara de cílios,Eletrodomésticos,97.24,35,Filial 10,2022-11-17 03:29:53.201930
Batom matte,Alimentos,57.78,60,Filial 5,2022-10-22 03:29:53.201930
Batom líquido,Alimentos,27.2,84,Filial 7,2023-05-21 03:29:53.201930
Blush em pó,Eletrodomésticos,59.2,97,Filial 7,2023-07-03 03:29:53.201930
Blush em pó,Eletrodomésticos,47.84,64,Filial 9,2022-08-31 03:29:53.201930
Sombra de olhos,Roupas,95.01,37,Filial 9,2022-12-11 03:29:53.201930
Máscara de cílios,Roupas,20.64,20,Filial 3,2023-08-01 03:29:53.201930
Sombra de olhos,Eletrônicos,17.69,1,Filial 5,2023-04-25 03:29:53.201930
Pó compacto,Eletrônicos,79.1,97,Filial 8,2023-05-28 03:29:53.201930
Batom matte,Alimentos,52.4,43,Filial 5,2023-03-27 03:29:53.201930
Pó compacto,Eletrônicos,33.49,87,Filial 1,2022-11-22 03:29:53.201930
Batom matte,Alimentos,94.37,82,Filial 7,2023-05-23 03:29:53.201930
Batom matte,Eletrônicos,49.78,72,Filial 7,2022-10-20 03:29:53.201930
Batom matte,Eletrônicos,95.42,57,Filial 4,2022-10-15 03:29:53.201930
Batom matte,Eletrodomésticos,13.9,56,Filial 8,2023-03-01 03:29:53.201930
Máscara de cílios,Alimentos,64.49,100,Filial 10,2023-07-26 03:29:53.201930
Batom matte,Eletrônicos,69.6,13,Filial 1,2022-11-02 03:29:53.201930
Lápis de sobrancelha,Alimentos,26.09,54,Filial 9,2022-10-17 03:29:53.201930
Batom líquido,Eletrônicos,36.34,48,Filial 1,2023-02-18 03:29:53.201930
Batom líquido,Eletrodomésticos,50.95,85,Filial 7,2022-11-15 03:29:53.201930
Blush em pó,Eletrodomésticos,72.26,35,Filial 5,2022-12-24 03:29:53.201930
Blush em pó,Alimentos,64.59,86,Filial 7,2023-05-23 03:29:53.201930
Blush em pó,Eletrodomésticos,1.3,53,Filial 10,2022-11-11 03:29:53.201930
Lápis de sobrancelha,Eletrônicos,81.85,87,Filial 9,2023-07-20 03:29:53.201930
Base líquida,Alimentos,73.51,55,Filial 4,2023-07-06 03:29:53.201930
Sombra de olhos,Eletrodomésticos,73.32,62,Filial 3,2023-07-18 03:29:53.201930
Base líquida,Eletrodomésticos,23.64,78,Filial 1,2023-05-18 03:29:53.201930
Lápis de sobrancelha,Eletrodomésticos,80.39,36,Filial 10,2022-12-21 03:29:53.201930
Máscara de cílios,Eletrodomésticos,52.21,67,Filial 10,2022-11-23 03:29:53.201930
Base líquida,Alimentos,25.37,80,Filial 5,2022-09-03 03:29:53.201930
Corretivo,Eletrônicos,70.28,93,Filial 4,2023-05-01 03:29:53.201930
Lápis de sobrancelha,Roupas,27.82,91,Filial 5,2022-12-11 03:29:53.201930
Máscara de cílios,Alimentos,64.38,9,Filial 4,2023-02-25 03:29:53.201930
Base líquida,Eletrodomésticos,77.71,47,Filial 5,2023-03-27 03:29:53.201930
Blush em pó,Roupas,7.93,74,Filial 4,2023-06-04 03:29:53.201930
Base líquida,Eletrônicos,11.4,17,Filial 2,2023-05-18 03:29:53.201930
Delineador líquido,Alimentos,33.88,44,Filial 7,2022-09-16 03:29:53.201930
Batom líquido,Alimentos,31.52,37,Filial 6,2022-09-28 03:29:53.201930
Blush em pó,Alimentos,87.81,19,Filial 1,2022-12-31 03:29:53.201930
Batom matte,Alimentos,11.89,98,Filial 7,2023-08-08 03:29:53.201930
Batom líquido,Alimentos,82.78,45,Filial 4,2023-06-16 03:29:53.201930
Pó compacto,Eletrônicos,1.42,29,Filial 2,2023-01-06 03:29:53.201930
Blush em pó,Alimentos,3.26,44,Filial 3,2023-07-09 03:29:53.201930
Máscara de cílios,Alimentos,16.95,42,Filial 1,2023-04-17 03:29:53.201930
Batom matte,Eletrodomésticos,22.43,31,Filial 5,2022-12-20 03:29:53.201930
Blush em pó,Eletrônicos,77.14,97,Filial 10,2023-02-14 03:29:53.201930
Máscara de cílios,Alimentos,57.26,69,Filial 8,2022-10-05 03:29:53.201930
Batom matte,Eletrodomésticos,33.46,18,Filial 5,2023-01-23 03:29:53.201930
Batom matte,Eletrônicos,31.73,73,Filial 3,2022-10-28 03:29:53.201930
Blush em pó,Alimentos,44.15,100,Filial 6,2023-07-13 03:29:53.201930
Corretivo,Eletrônicos,53.88,30,Filial 5,2022-10-04 03:29:53.201930
Blush em pó,Alimentos,39.43,2,Filial 5,2022-11-24 03:29:53.201930
Lápis de sobrancelha,Eletrodomésticos,23.43,65,Filial 9,2023-08-10 03:29:53.201930
Blush em pó,Roupas,59.51,91,Filial 8,2023-03-29 03:29:53.201930
Lápis de sobrancelha,Roupas,20.62,79,Filial 7,2022-11-26 03:29:53.201930
Sombra de olhos,Eletrônicos,37.01,26,Filial 7,2023-02-28 03:29:53.201930
Lápis de sobrancelha,Eletrodomésticos,3.11,3,Filial 2,2023-05-26 03:29:53.201930
Máscara de cílios,Eletrônicos,76.93,76,Filial 1,2022-09-06 03:29:53.201930
Batom matte,Eletrônicos,68.12,68,Filial 7,2023-02-17 03:29:53.201930
Base líquida,Roupas,28.17,88,Filial 9,2023-05-26 03:29:53.201930
Blush em pó,Alimentos,63.72,57,Filial 2,2023-01-21 03:29:53.201930
Corretivo,Roupas,78.2,38,Filial 2,2023-05-26 03:29:53.201930
Sombra de olhos,Alimentos,53.32,54,Filial 10,2022-09-09 03:29:53.201930
Sombra de olhos,Eletrodomésticos,42.47,87,Filial 3,2023-04-26 03:29:53.201930
Lápis de sobrancelha,Eletrodomésticos,88.94,21,Filial 3,2022-08-24 03:29:53.201930
Batom líquido,Eletrônicos,97.02,40,Filial 5,2022-10-21 03:29:53.201930
Máscara de cílios,Alimentos,48.21,62,Filial 10,2022-11-19 03:29:53.201930
Delineador líquido,Alimentos,71.25,39,Filial 10,2022-10-28 03:29:53.201930
Sombra de olhos,Alimentos,85.97,25,Filial 3,2023-05-28 03:29:53.201930
Batom matte,Eletrônicos,97.59,85,Filial 7,2023-06-21 03:29:53.201930
Sombra de olhos,Eletrodomésticos,94.19,40,Filial 5,2023-04-13 03:29:53.201930
Lápis de sobrancelha,Eletrodomésticos,49.4,32,Filial 7,2023-02-28 03:29:53.201930
Sombra de olhos,Roupas,19.12,12,Filial 8,2023-05-02 03:29:53.201930
Sombra de olhos,Roupas,33.01,15,Filial 8,2023-05-27 03:29:53.201930
Pó compacto,Eletrônicos,60.55,56,Filial 6,2023-01-30 03:29:53.201930
Sombra de olhos,Roupas,80.55,48,Filial 1,2023-01-09 03:29:53.201930
Sombra de olhos,Eletrodomésticos,65.57,98,Filial 6,2023-02-04 03:29:53.201930
Máscara de cílios,Eletrodomésticos,50.72,66,Filial 4,2023-08-07 03:29:53.201930
Corretivo,Eletrodomésticos,3.97,23,Filial 6,2023-01-21 03:29:53.201930
Máscara de cílios,Eletrônicos,97.04,55,Filial 6,2022-12-17 03:29:53.201930
Máscara de cílios,Roupas,54.48,10,Filial 9,2022-11-28 03:29:53.201930
Base líquida,Eletrodomésticos,30.42,98,Filial 6,2022-11-27 03:29:53.201930
Máscara de cílios,Eletrodomésticos,70.3,31,Filial 3,2023-06-08 03:29:53.201930
Pó compacto,Roupas,43.75,94,Filial 7,2023-08-01 03:29:53.201930
Blush em pó,Eletrodomésticos,14.78,24,Filial 2,2023-07-19 03:29:53.201930
Base líquida,Eletrônicos,78.35,57,Filial 8,2022-10-28 03:29:53.201930
Pó compacto,Alimentos,11.1,42,Filial 4,2022-09-12 03:29:53.201930
Lápis de sobrancelha,Roupas,61.93,4,Filial 1,2023-02-17 03:29:53.201930
Lápis de sobrancelha,Alimentos,7.51,17,Filial 7,2022-11-21 03:29:53.201930
Batom líquido,Eletrônicos,31.49,12,Filial 5,2022-10-03 03:29:53.201930
Delineador líquido,Eletrônicos,69.94,21,Filial 2,2023-01-03 03:29:53.201930
Corretivo,Alimentos,13.72,84,Filial 9,2023-01-27 03:29:53.201930
Máscara de cílios,Alimentos,20.34,36,Filial 1,2022-11-26 03:29:53.201930
Lápis de sobrancelha,Roupas,77.92,1,Filial 1,2023-08-17 03:29:53.201930
Delineador líquido,Eletrônicos,17.4,100,Filial 9,2022-09-13 03:29:53.201930
Sombra de olhos,Eletrodomésticos,17.88,28,Filial 1,2023-05-02 03:29:53.201930
Blush em pó,Eletrônicos,99.37,28,Filial 2,2022-09-16 03:29:53.201930
Corretivo,Roupas,62.86,11,Filial 8,2022-10-22 03:29:53.201930
Base líquida,Roupas,95.77,15,Filial 4,2023-04-08 03:29:53.201930
Corretivo,Eletrodomésticos,67.56,34,Filial 10,2023-01-13 03:29:53.201930
Blush em pó,Eletrodomésticos,1.28,58,Filial 8,2022-10-15 03:29:53.201930
Blush em pó,Eletrônicos,35.28,13,Filial 4,2023-07-24 03:29:53.201930
Corretivo,Alimentos,9.06,58,Filial 3,2022-11-13 03:29:53.201930
Blush em pó,Eletrodomésticos,3.25,50,Filial 5,2022-09-14 03:29:53.201930
Delineador líquido,Eletrônicos,92.07,83,Filial 4,2023-04-17 03:29:53.201930
Batom matte,Eletrodomésticos,72.71,22,Filial 8,2022-08-29 03:29:53.201930
Blush em pó,Eletrônicos,90.0,72,Filial 4,2023-06-07 03:29:53.201930
Delineador líquido,Roupas,68.95,21,Filial 8,2022-08-24 03:29:53.201930
Corretivo,Roupas,50.17,95,Filial 10,2023-06-29 03:29:53.201930
Corretivo,Alimentos,28.62,67,Filial 1,2023-05-30 03:29:53.201930
Pó compacto,Eletrodomésticos,59.79,71,Filial 1,2023-01-05 03:29:53.201930
Lápis de sobrancelha,Eletrodomésticos,42.19,43,Filial 10,2023-06-25 03:29:53.201930
Pó compacto,Eletrônicos,85.49,88,Filial 8,2023-06-21 03:29:53.201930
Lápis de sobrancelha,Roupas,35.87,54,Filial 1,2023-05-16 03:29:53.201930
Lápis de sobrancelha,Eletrônicos,5.4,94,Filial 5,2023-05-28 03:29:53.201930
Batom matte,Alimentos,23.22,2,Filial 1,2022-10-19 03:29:53.201930
Delineador líquido,Eletrônicos,45.72,85,Filial 8,2022-12-07 03:29:53.201930
Máscara de cílios,Eletrodomésticos,46.93,58,Filial 6,2022-09-15 03:29:53.201930
Sombra de olhos,Eletrodomésticos,56.52,34,Filial 8,2023-02-25 03:29:53.201930
Lápis de sobrancelha,Eletrodomésticos,41.01,23,Filial 5,2022-12-28 03:29:53.201930
Delineador líquido,Eletrodomésticos,49.46,85,Filial 8,2022-11-24 03:29:53.201930
Batom matte,Eletrônicos,66.43,10,Filial 9,2023-08-11 03:29:53.201930
Delineador líquido,Alimentos,29.32,90,Filial 10,2022-10-24 03:29:53.201930
Lápis de sobrancelha,Roupas,40.45,100,Filial 8,2022-11-01 03:29:53.201930
Pó compacto,Eletrônicos,36.5,67,Filial 5,2023-07-11 03:29:53.201930
Máscara de cílios,Alimentos,52.99,11,Filial 5,2023-05-04 03:29:53.201930
Pó compacto,Eletrodomésticos,74.17,50,Filial 3,2023-04-12 03:29:53.201930
Sombra de olhos,Alimentos,66.97,6,Filial 4,2023-04-23 03:29:53.201930
Máscara de cílios,Eletrônicos,95.9,77,Filial 3,2023-02-27 03:29:53.201930
Máscara de cílios,Eletrodomésticos,71.37,98,Filial 6,2023-03-12 03:29:53.201930
Corretivo,Roupas,89.63,97,Filial 5,2023-06-07 03:29:53.201930
Batom matte,Alimentos,31.18,97,Filial 5,2023-06-19 03:29:53.201930
Batom líquido,Alimentos,23.22,56,Filial 8,2022-11-19 03:29:53.201930
Delineador líquido,Eletrodomésticos,42.26,78,Filial 10,2023-04-16 03:29:53.201930
Batom matte,Roupas,9.38,25,Filial 8,2022-09-04 03:29:53.201930
Lápis de sobrancelha,Eletrodomésticos,64.76,80,Filial 2,2023-01-28 03:29:53.201930
Delineador líquido,Alimentos,64.75,41,Filial 3,2023-06-17 03:29:53.201930
Blush em pó,Alimentos,46.02,15,Filial 5,2023-07-01 03:29:53.201930
Pó compacto,Roupas,98.55,68,Filial 2,2023-07-08 03:29:53.201930
Pó compacto,Eletrodomésticos,64.72,26,Filial 3,2023-04-02 03:29:53.201930
Batom matte,Eletrodomésticos,94.95,96,Filial 8,2022-10-18 03:29:53.201930
Pó compacto,Roupas,40.11,34,Filial 6,2023-06-08 03:29:53.201930
Blush em pó,Alimentos,71.44,36,Filial 1,2023-07-24 03:29:53.201930
Lápis de sobrancelha,Alimentos,9.54,53,Filial 8,2023-05-11 03:29:53.201930
Base líquida,Eletrodomésticos,14.67,45,Filial 1,2022-09-21 03:29:53.201930
Lápis de sobrancelha,Alimentos,44.03,97,Filial 3,2023-07-25 03:29:53.201930
Batom líquido,Eletrodomésticos,12.86,22,Filial 9,2023-06-17 03:29:53.201930
Batom matte,Eletrônicos,32.67,55,Filial 1,2023-05-20 03:29:53.201930
Lápis de sobrancelha,Alimentos,85.42,56,Filial 9,2023-01-05 03:29:53.201930
Máscara de cílios,Roupas,65.23,83,Filial 2,2023-07-16 03:29:53.201930
Base líquida,Roupas,88.19,35,Filial 4,2022-10-12 03:29:53.201930
Blush em pó,Roupas,40.29,88,Filial 9,2023-06-28 03:29:53.201930
Máscara de cílios,Alimentos,23.92,67,Filial 1,2023-06-11 03:29:53.201930
Batom líquido,Eletrodomésticos,29.57,8,Filial 10,2023-05-22 03:29:53.201930
Corretivo,Roupas,34.49,95,Filial 2,2023-05-26 03:29:53.201930
Corretivo,Alimentos,84.99,47,Filial 6,2022-12-26 03:29:53.201930
Pó compacto,Eletrônicos,14.71,9,Filial 7,2022-11-19 03:29:53.201930
Sombra de olhos,Eletrônicos,41.53,61,Filial 4,2023-02-10 03:29:53.201930
Batom matte,Eletrônicos,82.73,3,Filial 3,2023-06-25 03:29:53.201930
Máscara de cílios,Eletrodomésticos,33.7,77,Filial 3,2022-12-20 03:29:53.201930
Pó compacto,Eletrodomésticos,78.95,66,Filial 7,2023-08-02 03:29:53.201930
Corretivo,Roupas,47.76,72,Filial 8,2023-01-24 03:29:53.201930
Delineador líquido,Alimentos,17.04,79,Filial 9,2023-02-02 03:29:53.201930
Sombra de olhos,Alimentos,55.51,70,Filial 5,2023-06-02 03:29:53.201930
Batom líquido,Eletrônicos,29.12,22,Filial 6,2023-01-30 03:29:53.201930
Sombra de olhos,Eletrônicos,59.36,31,Filial 2,2022-10-17 03:29:53.201930
Delineador líquido,Roupas,4.45,43,Filial 7,2023-03-26 03:29:53.201930
Pó compacto,Roupas,19.28,65,Filial 3,2023-04-21 03:29:53.201930
Corretivo,Eletrônicos,68.64,29,Filial 7,2023-06-19 03:29:53.201930
Máscara de cílios,Eletrodomésticos,4.7,23,Filial 1,2023-03-02 03:29:53.201930
Máscara de cílios,Eletrodomésticos,34.69,3,Filial 1,2022-09-04 03:29:53.201930
Blush em pó,Eletrônicos,25.88,76,Filial 10,2023-04-19 03:29:53.201930
Máscara de cílios,Eletrônicos,89.83,34,Filial 6,2023-08-03 03:29:53.201930
Batom líquido,Roupas,72.39,51,Filial 7,2022-10-25 03:29:53.201930
Sombra de olhos,Roupas,49.85,51,Filial 4,2023-02-10 03:29:53.201930
Batom líquido,Eletrônicos,48.62,70,Filial 4,2023-05-31 03:29:53.201930
Delineador líquido,Eletrônicos,92.13,79,Filial 8,2022-11-13 03:29:53.201930
Batom líquido,Eletrônicos,8.45,71,Filial 8,2022-08-31 03:29:53.201930
Sombra de olhos,Eletrodomésticos,25.56,31,Filial 4,2023-03-22 03:29:53.201930
Batom líquido,Eletrônicos,23.94,51,Filial 10,2023-07-06 03:29:53.201930
Batom matte,Roupas,90.93,25,Filial 3,2023-03-09 03:29:53.201930
Blush em pó,Roupas,36.59,45,Filial 2,2023-03-21 03:29:53.201930
Sombra de olhos,Eletrônicos,54.63,52,Filial 1,2023-02-09 03:29:53.201930
Delineador líquido,Alimentos,69.68,57,Filial 1,2023-05-24 03:29:53.201930
Delineador líquido,Eletrônicos,36.83,9,Filial 6,2022-10-09 03:29:53.201930
Delineador líquido,Alimentos,15.2,73,Filial 8,2022-08-23 03:29:53.201930
Lápis de sobrancelha,Roupas,30.78,78,Filial 5,2022-12-14 03:29:53.201930
Batom matte,Eletrodomésticos,33.24,100,Filial 10,2022-12-07 03:29:53.201930
Blush em pó,Eletrônicos,31.06,17,Filial 1,2023-08-04 03:29:53.201930
Blush em pó,Eletrodomésticos,89.58,66,Filial 5,2023-02-18 03:29:53.201930
Blush em pó,Eletrônicos,56.26,98,Filial 1,2023-02-06 03:29:53.201930
Blush em pó,Alimentos,66.85,45,Filial 5,2023-06-24 03:29:53.201930
Batom líquido,Alimentos,37.27,72,Filial 9,2023-08-12 03:29:53.201930
Batom líquido,Eletrodomésticos,33.94,48,Filial 1,2023-04-29 03:29:53.201930
Corretivo,Eletrodomésticos,28.19,93,Filial 9,2023-03-14 03:29:53.201930
Base líquida,Eletrônicos,79.44,78,Filial 10,2023-02-05 03:29:53.201930
Delineador líquido,Roupas,7.1,31,Filial 3,2023-01-24 03:29:53.201930
Delineador líquido,Eletrônicos,90.59,79,Filial 9,2023-02-12 03:29:53.201930
Base líquida,Roupas,83.29,50,Filial 1,2023-08-14 03:29:53.201930
Batom líquido,Eletrodomésticos,29.21,26,Filial 2,2022-11-10 03:29:53.201930
Sombra de olhos,Roupas,26.74,60,Filial 10,2023-01-19 03:29:53.201930
Batom líquido,Roupas,98.96,89,Filial 8,2023-03-10 03:29:53.201930
Corretivo,Eletrônicos,7.98,31,Filial 7,2023-04-06 03:29:53.201930
Base líquida,Roupas,27.04,47,Filial 5,2023-05-22 03:29:53.201930
Corretivo,Eletrodomésticos,41.11,55,Filial 8,2023-01-17 03:29:53.201930
Corretivo,Roupas,20.8,48,Filial 10,2023-07-20 03:29:53.201930
Corretivo,Alimentos,62.62,15,Filial 8,2022-08-30 03:29:53.201930
Base líquida,Roupas,23.01,87,Filial 1,2023-06-28 03:29:53.201930
Máscara de cílios,Eletrônicos,62.35,6,Filial 8,2022-11-16 03:29:53.201930
Delineador líquido,Roupas,68.58,39,Filial 4,2023-05-23 03:29:53.201930
Base líquida,Roupas,24.6,37,Filial 9,2023-01-30 03:29:53.201930
Máscara de cílios,Eletrodomésticos,99.36,87,Filial 2,2022-09-27 03:29:53.201930
Delineador líquido,Eletrônicos,97.84,92,Filial 9,2022-12-11 03:29:53.201930
Delineador líquido,Roupas,76.12,94,Filial 8,2023-04-01 03:29:53.201930
Lápis de sobrancelha,Eletrônicos,46.58,23,Filial 6,2022-09-13 03:29:53.201930
Batom matte,Eletrodomésticos,10.12,81,Filial 8,2023-03-15 03:29:53.201930
Corretivo,Eletrônicos,71.63,9,Filial 6,2023-01-19 03:29:53.201930
Batom líquido,Eletrônicos,19.47,28,Filial 2,2022-12-09 03:29:53.201930
Base líquida,Eletrodomésticos,41.93,69,Filial 6,2022-10-19 03:29:53.201930
Blush em pó,Eletrodomésticos,45.83,40,Filial 7,2023-01-02 03:29:53.201930
Base líquida,Eletrodomésticos,73.78,29,Filial 1,2022-08-25 03:29:53.201930
Delineador líquido,Roupas,36.74,21,Filial 4,2022-09-05 03:29:53.201930
Batom matte,Roupas,69.84,41,Filial 5,2023-01-26 03:29:53.201930
Máscara de cílios,Alimentos,72.18,58,Filial 5,2022-10-17 03:29:53.201930
Máscara de cílios,Eletrodomésticos,37.77,4,Filial 4,2023-07-14 03:29:53.201930
Base líquida,Alimentos,39.86,95,Filial 7,2023-02-02 03:29:53.201930
Máscara de cílios,Eletrônicos,20.21,88,Filial 9,2023-02-28 03:29:53.201930
Corretivo,Alimentos,88.61,46,Filial 10,2023-05-26 03:29:53.201930
Lápis de sobrancelha,Roupas,75.26,73,Filial 1,2022-10-09 03:29:53.201930
Pó compacto,Alimentos,26.38,32,Filial 10,2023-01-12 03:29:53.201930
Pó compacto,Alimentos,95.24,3,Filial 5,2023-07-24 03:29:53.201930
Base líquida,Eletrodomésticos,82.0,58,Filial 7,2022-10-02 03:29:53.201930
Pó compacto,Alimentos,25.54,50,Filial 1,2023-07-12 03:29:53.201930
Lápis de sobrancelha,Alimentos,42.28,21,Filial 3,2023-08-07 03:29:53.201930
Máscara de cílios,Eletrodomésticos,55.1,32,Filial 9,2023-06-12 03:29:53.201930
Delineador líquido,Alimentos,86.62,39,Filial 5,2023-04-13 03:29:53.201930
Blush em pó,Alimentos,42.99,22,Filial 10,2023-07-16 03:29:53.201930
Sombra de olhos,Eletrodomésticos,24.28,80,Filial 10,2023-05-13 03:29:53.201930
Corretivo,Alimentos,59.56,61,Filial 4,2023-07-20 03:29:53.201930
Batom líquido,Eletrodomésticos,48.34,15,Filial 9,2023-04-07 03:29:53.201930
Batom matte,Eletrodomésticos,18.3,43,Filial 6,2023-04-06 03:29:53.201930
Blush em pó,Alimentos,46.98,32,Filial 7,2022-10-01 03:29:53.201930
Base líquida,Alimentos,45.79,87,Filial 3,2022-10-07 03:29:53.201930
Máscara de cílios,Alimentos,7.49,40,Filial 8,2023-01-04 03:29:53.201930
Lápis de sobrancelha,Roupas,22.08,75,Filial 4,2023-04-04 03:29:53.201930
Blush em pó,Alimentos,49.65,46,Filial 7,2023-07-09 03:29:53.201930
Batom líquido,Roupas,44.01,28,Filial 10,2023-07-27 03:29:53.201930
Delineador líquido,Eletrônicos,45.08,56,Filial 10,2023-06-26 03:29:53.201930
Batom líquido,Eletrônicos,43.19,31,Filial 6,2022-11-26 03:29:53.201930
Batom matte,Eletrodomésticos,91.87,73,Filial 8,2023-06-17 03:29:53.201930
Batom líquido,Eletrodomésticos,40.66,54,Filial 2,2022-12-14 03:29:53.201930
Batom líquido,Alimentos,62.31,100,Filial 10,2023-01-20 03:29:53.201930
Batom matte,Alimentos,64.11,47,Filial 2,2023-01-08 03:29:53.201930
Batom matte,Alimentos,28.06,95,Filial 5,2022-11-24 03:29:53.201930
Sombra de olhos,Alimentos,6.41,7,Filial 3,2023-03-06 03:29:53.201930
Blush em pó,Eletrônicos,31.15,27,Filial 10,2023-04-09 03:29:53.201930
Base líquida,Eletrodomésticos,35.08,37,Filial 9,2023-07-26 03:29:53.201930
Batom líquido,Eletrônicos,72.48,85,Filial 10,2023-04-02 03:29:53.201930
Batom matte,Alimentos,20.39,33,Filial 7,2023-04-06 03:29:53.201930
Sombra de olhos,Eletrodomésticos,98.98,74,Filial 5,2022-10-06 03:29:53.201930
Batom matte,Eletrodomésticos,57.36,22,Filial 9,2023-06-28 03:29:53.201930
Corretivo,Alimentos,16.09,27,Filial 5,2023-07-05 03:29:53.201930
Lápis de sobrancelha,Alimentos,6.01,62,Filial 3,2022-10-25 03:29:53.201930
Delineador líquido,Eletrônicos,39.17,32,Filial 7,2023-05-23 03:29:53.201930
Corretivo,Alimentos,47.26,78,Filial 4,2022-11-09 03:29:53.201930
Pó compacto,Roupas,70.06,8,Filial 10,2023-01-13 03:29:53.201930
Lápis de sobrancelha,Eletrônicos,76.88,25,Filial 5,2023-08-11 03:29:53.201930
Blush em pó,Roupas,23.12,83,Filial 10,2023-07-24 03:29:53.201930
Máscara de cílios,Alimentos,14.17,26,Filial 9,2023-06-26 03:29:53.201930
Pó compacto,Eletrônicos,19.65,63,Filial 3,2022-12-22 03:29:53.201930
Batom matte,Alimentos,98.44,97,Filial 10,2022-08-31 03:29:53.201930
Corretivo,Alimentos,2.22,21,Filial 8,2023-08-16 03:29:53.201930
Sombra de olhos,Roupas,73.59,51,Filial 2,2022-12-03 03:29:53.201930
Lápis de sobrancelha,Roupas,12.49,31,Filial 5,2022-09-22 03:29:53.201930
Batom matte,Eletrônicos,50.23,98,Filial 2,2023-04-12 03:29:53.201930
Pó compacto,Roupas,55.22,95,Filial 8,2022-12-05 03:29:53.201930
Delineador líquido,Alimentos,19.59,29,Filial 4,2022-12-27 03:29:53.201930
Corretivo,Alimentos,17.73,5,Filial 4,2023-01-10 03:29:53.201930
Batom matte,Eletrodomésticos,46.13,18,Filial 9,2023-05-20 03:29:53.201930
Base líquida,Eletrônicos,73.25,1,Filial 2,2022-09-13 03:29:53.201930
Batom matte,Eletrônicos,34.36,61,Filial 7,2022-11-17 03:29:53.201930
Batom matte,Alimentos,60.63,7,Filial 2,2022-10-11 03:29:53.201930
Batom líquido,Alimentos,76.3,22,Filial 8,2022-09-02 03:29:53.201930
Lápis de sobrancelha,Eletrodomésticos,15.97,74,Filial 6,2022-09-04 03:29:53.201930
Blush em pó,Alimentos,81.16,49,Filial 7,2023-02-06 03:29:53.201930
Base líquida,Roupas,76.99,69,Filial 10,2023-07-17 03:29:53.201930
Lápis de sobrancelha,Roupas,59.54,92,Filial 8,2023-03-01 03:29:53.201930
Máscara de cílios,Eletrônicos,98.36,77,Filial 3,2023-05-04 03:29:53.201930
Máscara de cílios,Alimentos,3.12,71,Filial 1,2023-05-31 03:29:53.201930
Corretivo,Roupas,12.74,69,Filial 9,2023-08-09 03:29:53.201930
Sombra de olhos,Eletrodomésticos,66.0,15,Filial 7,2022-10-07 03:29:53.201930
Blush em pó,Eletrodomésticos,97.64,58,Filial 10,2022-11-26 03:29:53.201930
Batom líquido,Alimentos,1.02,63,Filial 9,2023-06-01 03:29:53.201930
Máscara de cílios,Alimentos,36.58,56,Filial 2,2023-08-21 03:29:53.201930
Blush em pó,Roupas,79.1,80,Filial 2,2022-11-29 03:29:53.201930
Sombra de olhos,Alimentos,77.91,87,Filial 8,2023-03-18 03:29:53.201930
Blush em pó,Alimentos,69.64,96,Filial 5,2022-09-07 03:29:53.201930
Batom líquido,Eletrônicos,88.56,10,Filial 3,2023-07-31 03:29:53.201930
Batom matte,Eletrônicos,94.93,30,Filial 4,2022-11-09 03:29:53.201930
Base líquida,Roupas,90.17,63,Filial 1,2023-08-20 03:29:53.201930
Blush em pó,Eletrodomésticos,16.75,32,Filial 2,2023-03-27 03:29:53.201930
Máscara de cílios,Eletrônicos,72.21,88,Filial 1,2022-09-19 03:29:53.201930
Lápis de sobrancelha,Alimentos,55.45,4,Filial 9,2022-10-11 03:29:53.201930
Máscara de cílios,Alimentos,46.44,35,Filial 8,2022-10-10 03:29:53.201930
Máscara de cílios,Eletrodomésticos,39.31,1,Filial 10,2023-07-08 03:29:53.201930
Máscara de cílios,Eletrônicos,45.12,97,Filial 4,2023-05-28 03:29:53.201930
Máscara de cílios,Roupas,11.89,98,Filial 6,2022-11-20 03:29:53.201930
Lápis de sobrancelha,Eletrodomésticos,96.57,73,Filial 1,2023-05-04 03:29:53.201930
Delineador líquido,Roupas,81.92,46,Filial 8,2023-07-26 03:29:53.201930
Batom líquido,Roupas,13.2,52,Filial 7,2023-01-15 03:29:53.201930
Base líquida,Roupas,24.95,16,Filial 4,2022-08-26 03:29:53.201930
Sombra de olhos,Alimentos,69.21,86,Filial 4,2023-06-16 03:29:53.201930
Batom matte,Alimentos,59.63,53,Filial 10,2022-11-27 03:29:53.201930
Pó compacto,Alimentos,20.2,52,Filial 5,2023-01-05 03:29:53.201930
Delineador líquido,Roupas,67.49,81,Filial 7,2023-04-15 03:29:53.201930
Pó compacto,Eletrodomésticos,99.62,49,Filial 7,2022-12-22 03:29:53.201930
Sombra de olhos,Eletrodomésticos,84.18,56,Filial 8,2022-10-09 03:29:53.201930
Máscara de cílios,Alimentos,39.63,68,Filial 9,2023-02-23 03:29:53.201930
Pó compacto,Roupas,44.93,16,Filial 8,2022-09-02 03:29:53.201930
Delineador líquido,Alimentos,41.53,48,Filial 3,2022-09-22 03:29:53.201930
Corretivo,Alimentos,67.04,33,Filial 1,2023-03-18 03:29:53.201930
Sombra de olhos,Roupas,57.45,33,Filial 1,2022-12-26 03:29:53.201930
Delineador líquido,Roupas,32.25,22,Filial 10,2023-02-04 03:29:53.201930
Corretivo,Roupas,50.54,59,Filial 6,2023-01-31 03:29:53.201930
Batom líquido,Alimentos,91.25,51,Filial 10,2023-07-13 03:29:53.201930
Batom líquido,Roupas,49.2,45,Filial 2,2023-01-20 03:29:53.201930
Máscara de cílios,Alimentos,93.07,16,Filial 5,2023-07-08 03:29:53.201930
Lápis de sobrancelha,Alimentos,26.24,94,Filial 4,2023-04-01 03:29:53.201930
Pó compacto,Eletrodomésticos,14.06,16,Filial 6,2023-03-10 03:29:53.201930
Delineador líquido,Eletrônicos,54.02,14,Filial 6,2023-06-22 03:29:53.201930
Batom líquido,Alimentos,24.01,7,Filial 10,2022-10-30 03:29:53.201930
Base líquida,Alimentos,14.29,99,Filial 2,2023-01-27 03:29:53.201930
Batom matte,Roupas,41.88,80,Filial 3,2022-11-09 03:29:53.201930
Pó compacto,Eletrodomésticos,16.19,2,Filial 10,2023-03-31 03:29:53.201930
Sombra de olhos,Roupas,79.11,19,Filial 10,2022-10-28 03:29:53.201930
Delineador líquido,Roupas,89.33,4,Filial 9,2023-01-19 03:29:53.201930
Pó compacto,Roupas,76.2,75,Filial 6,2022-11-18 03:29:53.201930
Lápis de sobrancelha,Alimentos,54.85,26,Filial 7,2023-02-03 03:29:53.201930
Blush em pó,Eletrônicos,92.82,68,Filial 2,2023-05-06 03:29:53.201930
Base líquida,Alimentos,94.76,61,Filial 8,2022-09-01 03:29:53.201930
Batom líquido,Eletrodomésticos,45.66,21,Filial 3,2023-07-14 03:29:53.201930
Batom matte,Eletrodomésticos,60.42,44,Filial 4,2022-10-22 03:29:53.201930
Corretivo,Alimentos,73.63,96,Filial 9,2022-10-02 03:29:53.201930
Corretivo,Eletrônicos,78.24,5,Filial 2,2023-02-22 03:29:53.201930
Corretivo,Alimentos,15.67,47,Filial 8,2023-06-29 03:29:53.201930
Pó compacto,Roupas,63.88,55,Filial 1,2023-01-22 03:29:53.201930
Delineador líquido,Alimentos,58.72,53,Filial 5,2023-08-11 03:29:53.201930
Batom líquido,Eletrônicos,71.38,92,Filial 2,2023-06-28 03:29:53.201930
Sombra de olhos,Alimentos,76.87,81,Filial 4,2022-10-17 03:29:53.201930
Batom matte,Alimentos,97.36,66,Filial 9,2023-06-18 03:29:53.201930
Batom líquido,Eletrodomésticos,10.26,25,Filial 4,2022-08-29 03:29:53.201930
Máscara de cílios,Alimentos,71.37,66,Filial 3,2022-08-28 03:29:53.201930
Máscara de cílios,Roupas,17.74,49,Filial 6,2023-05-01 03:29:53.201930
Corretivo,Alimentos,19.76,4,Filial 2,2023-08-18 03:29:53.201930
Lápis de sobrancelha,Alimentos,38.88,60,Filial 10,2023-02-08 03:29:53.201930
Máscara de cílios,Eletrodomésticos,41.58,63,Filial 6,2023-03-07 03:29:53.201930
Sombra de olhos,Alimentos,26.4,58,Filial 4,2022-10-06 03:29:53.201930
Batom líquido,Alimentos,8.15,7,Filial 7,2023-04-13 03:29:53.201930
Batom matte,Alimentos,24.32,8,Filial 10,2023-04-12 03:29:53.201930
Corretivo,Eletrônicos,76.73,35,Filial 9,2023-01-09 03:29:53.201930
Batom matte,Alimentos,93.0,31,Filial 2,2023-02-28 03:29:53.201930
Base líquida,Eletrônicos,87.25,68,Filial 2,2023-04-17 03:29:53.201930
Pó compacto,Roupas,30.97,3,Filial 7,2023-07-29 03:29:53.201930
Blush em pó,Alimentos,72.67,68,Filial 7,2023-01-18 03:29:53.201930
Batom líquido,Alimentos,19.48,34,Filial 2,2023-02-10 03:29:53.201930
Delineador líquido,Eletrônicos,58.99,25,Filial 5,2023-04-30 03:29:53.201930
Sombra de olhos,Roupas,79.04,12,Filial 5,2023-06-17 03:29:53.201930
Pó compacto,Roupas,49.95,2,Filial 3,2022-11-05 03:29:53.201930
Corretivo,Alimentos,47.09,65,Filial 9,2023-04-10 03:29:53.201930
Blush em pó,Eletrônicos,89.97,19,Filial 9,2023-05-19 03:29:53.201930
Corretivo,Alimentos,14.07,44,Filial 1,2023-03-09 03:29:53.201930
Pó compacto,Eletrônicos,46.29,92,Filial 9,2022-11-16 03:29:53.201930
Corretivo,Alimentos,10.11,96,Filial 8,2023-08-09 03:29:53.201930
Corretivo,Roupas,77.01,25,Filial 10,2023-08-11 03:29:53.201930
Sombra de olhos,Eletrodomésticos,64.67,72,Filial 5,2022-10-14 03:29:53.201930
Corretivo,Roupas,44.92,51,Filial 1,2022-08-28 03:29:53.201930
Corretivo,Eletrodomésticos,96.48,20,Filial 10,2023-02-15 03:29:53.201930
Batom matte,Alimentos,46.0,80,Filial 10,2022-10-22 03:29:53.201930
Blush em pó,Eletrodomésticos,57.2,52,Filial 6,2023-06-09 03:29:53.201930
Blush em pó,Eletrônicos,71.42,100,Filial 2,2022-12-01 03:29:53.201930
Sombra de olhos,Eletrônicos,83.78,18,Filial 1,2023-05-07 03:29:53.201930
Pó compacto,Eletrônicos,70.9,94,Filial 8,2023-06-29 03:29:53.201930
Batom matte,Eletrodomésticos,27.36,69,Filial 5,2022-09-01 03:29:53.201930
Delineador líquido,Eletrônicos,18.05,64,Filial 1,2023-07-10 03:29:53.201930
Sombra de olhos,Eletrodomésticos,2.36,99,Filial 1,2022-09-01 03:29:53.201930
Blush em pó,Eletrônicos,93.45,6,Filial 6,2022-10-07 03:29:53.201930
Delineador líquido,Alimentos,19.32,54,Filial 1,2022-12-09 03:29:53.201930
Batom matte,Eletrônicos,83.18,43,Filial 2,2023-02-09 03:29:53.201930
Blush em pó,Eletrodomésticos,40.7,29,Filial 10,2022-12-24 03:29:53.201930
Batom matte,Eletrônicos,7.32,65,Filial 1,2023-07-18 03:29:53.201930
Delineador líquido,Eletrodomésticos,85.72,33,Filial 8,2022-08-29 03:29:53.201930
Lápis de sobrancelha,Eletrodomésticos,28.61,30,Filial 5,2022-11-18 03:29:53.201930
Lápis de sobrancelha,Roupas,87.31,70,Filial 6,2023-07-27 03:29:53.201930
Blush em pó,Alimentos,32.27,94,Filial 4,2023-07-31 03:29:53.201930
Pó compacto,Roupas,30.31,86,Filial 2,2023-07-02 03:29:53.201930
Delineador líquido,Roupas,62.77,47,Filial 5,2023-06-16 03:29:53.201930
Batom líquido,Eletrodomésticos,66.84,5,Filial 3,2023-06-04 03:29:53.201930
Batom matte,Eletrodomésticos,24.98,60,Filial 6,2022-11-07 03:29:53.201930
Lápis de sobrancelha,Alimentos,17.22,31,Filial 7,2023-03-16 03:29:53.201930
Sombra de olhos,Eletrodomésticos,15.48,91,Filial 3,2023-02-03 03:29:53.201930
Batom líquido,Eletrônicos,51.02,25,Filial 10,2023-07-08 03:29:53.201930
Sombra de olhos,Alimentos,61.62,84,Filial 7,2023-01-14 03:29:53.201930
Batom matte,Alimentos,71.73,90,Filial 8,2022-09-09 03:29:53.201930
Batom matte,Eletrônicos,79.78,56,Filial 2,2023-01-15 03:29:53.201930
Pó compacto,Eletrodomésticos,84.31,54,Filial 1,2022-12-08 03:29:53.201930
Pó compacto,Alimentos,42.86,56,Filial 4,2022-10-29 03:29:53.201930
Corretivo,Eletrodomésticos,31.83,75,Filial 6,2022-10-30 03:29:53.201930
Sombra de olhos,Eletrodomésticos,17.6,51,Filial 6,2023-04-12 03:29:53.201930
Blush em pó,Eletrodomésticos,76.89,10,Filial 9,2022-11-03 03:29:53.201930
Sombra de olhos,Roupas,19.99,52,Filial 2,2022-11-14 03:29:53.201930
Delineador líquido,Eletrodomésticos,53.01,87,Filial 9,2022-10-03 03:29:53.201930
Delineador líquido,Roupas,9.64,76,Filial 3,2023-07-16 03:29:53.201930
Base líquida,Roupas,52.78,86,Filial 8,2023-04-25 03:29:53.201930
Corretivo,Alimentos,80.99,87,Filial 10,2023-04-06 03:29:53.201930
Base líquida,Alimentos,1.43,63,Filial 10,2023-03-13 03:29:53.201930
Lápis de sobrancelha,Eletrônicos,24.1,12,Filial 3,2023-08-10 03:29:53.201930
Pó compacto,Eletrodomésticos,84.03,12,Filial 1,2023-01-09 03:29:53.201930
Batom líquido,Alimentos,82.98,37,Filial 2,2023-06-17 03:29:53.201930
Corretivo,Alimentos,41.71,38,Filial 5,2022-09-05 03:29:53.201930
Corretivo,Eletrodomésticos,82.59,33,Filial 8,2022-08-24 03:29:53.201930
Máscara de cílios,Alimentos,57.57,43,Filial 3,2023-01-25 03:29:53.201930
Lápis de sobrancelha,Eletrônicos,37.99,50,Filial 1,2022-11-28 03:29:53.201930
Máscara de cílios,Roupas,9.59,74,Filial 8,2022-11-18 03:29:53.201930
Batom líquido,Alimentos,2.44,27,Filial 6,2022-09-14 03:29:53.201930
Corretivo,Roupas,29.6,65,Filial 9,2023-01-04 03:29:53.201930
Base líquida,Alimentos,19.99,28,Filial 1,2023-08-17 03:29:53.201930
Lápis de sobrancelha,Eletrônicos,68.51,64,Filial 9,2023-08-20 03:29:53.201930
Sombra de olhos,Eletrônicos,82.31,92,Filial 10,2022-10-06 03:29:53.201930
Pó compacto,Eletrodomésticos,12.88,23,Filial 1,2023-02-03 03:29:53.201930
Pó compacto,Alimentos,87.56,1,Filial 2,2022-11-26 03:29:53.201930
Pó compacto,Roupas,85.38,15,Filial 3,2023-07-25 03:29:53.201930
Sombra de olhos,Eletrodomésticos,93.77,4,Filial 1,2023-04-11 03:29:53.201930
Sombra de olhos,Eletrônicos,2.7,7,Filial 3,2023-07-14 03:29:53.201930
Batom matte,Eletrodomésticos,2.14,74,Filial 1,2023-08-04 03:29:53.201930
Pó compacto,Alimentos,38.59,71,Filial 3,2022-09-01 03:29:53.201930
Base líquida,Alimentos,37.88,98,Filial 4,2023-04-21 03:29:53.201930
Máscara de cílios,Eletrodomésticos,96.81,63,Filial 1,2022-11-10 03:29:53.201930
Máscara de cílios,Eletrodomésticos,69.51,17,Filial 8,2023-06-14 03:29:53.201930
Blush em pó,Alimentos,90.77,36,Filial 7,2023-01-05 03:29:53.201930
Pó compacto,Alimentos,98.15,9,Filial 7,2022-11-03 03:29:53.201930
Corretivo,Eletrônicos,3.56,51,Filial 9,2023-07-03 03:29:53.201930
Batom matte,Roupas,77.93,23,Filial 4,2023-06-09 03:29:53.201930
Batom matte,Roupas,21.1,77,Filial 3,2023-07-27 03:29:53.201930
Batom matte,Roupas,4.78,5,Filial 1,2022-10-01 03:29:53.201930
Pó compacto,Alimentos,35.5,59,Filial 7,2022-09-08 03:29:53.201930
Corretivo,Eletrônicos,86.36,66,Filial 3,2023-01-24 03:29:53.201930
Batom matte,Alimentos,59.17,59,Filial 7,2022-08-26 03:29:53.201930
Blush em pó,Eletrônicos,73.3,35,Filial 5,2023-03-20 03:29:53.201930
Batom matte,Eletrônicos,70.32,90,Filial 3,2023-03-23 03:29:53.201930
Base líquida,Alimentos,50.82,47,Filial 10,2023-03-24 03:29:53.201930
Delineador líquido,Eletrônicos,9.15,33,Filial 6,2022-10-19 03:29:53.201930
Corretivo,Alimentos,31.84,41,Filial 7,2023-07-04 03:29:53.201930
Pó compacto,Eletrodomésticos,76.02,58,Filial 1,2023-06-14 03:29:53.201930
Máscara de cílios,Eletrodomésticos,11.69,23,Filial 6,2023-07-15 03:29:53.201930
Lápis de sobrancelha,Alimentos,44.48,57,Filial 2,2022-10-24 03:29:53.201930
Batom líquido,Roupas,27.08,46,Filial 7,2022-12-18 03:29:53.201930
Pó compacto,Eletrônicos,38.3,56,Filial 10,2023-08-06 03:29:53.201930
Pó compacto,Eletrodomésticos,25.01,3,Filial 3,2023-08-22 03:29:53.201930
Batom matte,Alimentos,34.12,53,Filial 10,2022-10-01 03:29:53.201930
Corretivo,Eletrônicos,50.52,74,Filial 7,2023-05-09 03:29:53.201930
Batom líquido,Eletrodomésticos,85.32,53,Filial 1,2023-04-30 03:29:53.201930
Pó compacto,Alimentos,60.27,45,Filial 2,2023-04-01 03:29:53.201930
Pó compacto,Eletrônicos,2.82,53,Filial 7,2023-08-20 03:29:53.201930
Base líquida,Alimentos,97.89,76,Filial 5,2023-06-13 03:29:53.201930
Sombra de olhos,Eletrodomésticos,94.57,76,Filial 10,2023-02-04 03:29:53.201930
Delineador líquido,Eletrônicos,15.75,80,Filial 2,2023-03-10 03:29:53.201930
Blush em pó,Alimentos,64.35,4,Filial 7,2023-06-30 03:29:53.201930
Base líquida,Roupas,47.71,83,Filial 8,2023-06-08 03:29:53.201930
Corretivo,Eletrodomésticos,93.69,14,Filial 3,2023-03-21 03:29:53.201930
Blush em pó,Roupas,61.93,77,Filial 4,2022-09-15 03:29:53.201930
Sombra de olhos,Roupas,27.17,48,Filial 4,2023-08-17 03:29:53.201930
Blush em pó,Eletrodomésticos,94.63,16,Filial 4,2022-09-23 03:29:53.201930
Corretivo,Eletrodomésticos,96.27,73,Filial 6,2023-03-14 03:29:53.201930
Pó compacto,Alimentos,52.23,51,Filial 9,2022-11-19 03:29:53.201930
Base líquida,Alimentos,73.02,61,Filial 5,2023-03-29 03:29:53.201930
Batom matte,Roupas,76.5,43,Filial 8,2023-04-27 03:29:53.201930
Sombra de olhos,Alimentos,94.47,57,Filial 9,2023-04-04 03:29:53.201930
Pó compacto,Eletrodomésticos,50.3,76,Filial 3,2023-08-22 03:29:53.201930
Sombra de olhos,Alimentos,29.7,11,Filial 8,2023-01-18 03:29:53.201930
Base líquida,Eletrônicos,55.7,13,Filial 6,2023-02-24 03:29:53.201930
Pó compacto,Alimentos,50.36,48,Filial 10,2023-07-16 03:29:53.201930
Sombra de olhos,Alimentos,12.09,60,Filial 2,2023-05-20 03:29:53.201930
Batom líquido,Roupas,51.96,12,Filial 6,2023-02-02 03:29:53.201930
Delineador líquido,Roupas,97.02,24,Filial 3,2023-03-15 03:29:53.201930
Sombra de olhos,Eletrodomésticos,29.8,25,Filial 5,2022-11-27 03:29:53.201930
Batom líquido,Alimentos,41.83,71,Filial 9,2023-02-28 03:29:53.201930
Blush em pó,Eletrodomésticos,35.14,75,Filial 3,2022-09-01 03:29:53.201930
Blush em pó,Eletrodomésticos,87.71,78,Filial 9,2023-01-24 03:29:53.201930
Lápis de sobrancelha,Alimentos,12.72,1,Filial 2,2023-03-14 03:29:53.201930
Corretivo,Eletrônicos,15.97,24,Filial 3,2022-10-24 03:29:53.201930
Sombra de olhos,Alimentos,78.38,48,Filial 2,2023-06-07 03:29:53.201930
Corretivo,Eletrônicos,63.39,73,Filial 7,2023-05-22 03:29:53.201930
Batom matte,Roupas,72.73,81,Filial 6,2023-03-18 03:29:53.201930
Blush em pó,Eletrônicos,77.1,33,Filial 8,2023-03-19 03:29:53.201930
Lápis de sobrancelha,Eletrodomésticos,46.09,25,Filial 1,2023-02-25 03:29:53.201930
Máscara de cílios,Eletrônicos,57.07,88,Filial 7,2022-09-06 03:29:53.201930
Blush em pó,Roupas,57.55,80,Filial 3,2023-06-29 03:29:53.201930
Lápis de sobrancelha,Roupas,35.39,7,Filial 4,2023-03-19 03:29:53.201930
Pó compacto,Eletrônicos,79.19,34,Filial 8,2023-01-21 03:29:53.201930
Lápis de sobrancelha,Roupas,91.41,88,Filial 10,2022-10-21 03:29:53.201930
Pó compacto,Eletrodomésticos,50.92,68,Filial 1,2023-04-07 03:29:53.201930
Lápis de sobrancelha,Roupas,11.81,89,Filial 10,2023-03-29 03:29:53.201930
Blush em pó,Alimentos,2.03,65,Filial 5,2022-11-24 03:29:53.201930
Blush em pó,Roupas,39.25,83,Filial 10,2023-07-14 03:29:53.201930
Batom matte,Eletrônicos,10.0,92,Filial 10,2023-08-12 03:29:53.201930
Pó compacto,Alimentos,25.17,42,Filial 10,2022-09-15 03:29:53.201930
Base líquida,Roupas,31.32,69,Filial 2,2022-12-07 03:29:53.201930
Batom matte,Alimentos,39.39,94,Filial 2,2023-07-09 03:29:53.201930
Máscara de cílios,Eletrodomésticos,42.56,22,Filial 10,2022-11-13 03:29:53.201930
Delineador líquido,Alimentos,82.57,54,Filial 9,2022-12-08 03:29:53.201930
Batom líquido,Eletrodomésticos,68.12,26,Filial 1,2022-09-11 03:29:53.201930
Batom matte,Alimentos,12.02,45,Filial 4,2023-01-19 03:29:53.201930
Blush em pó,Eletrônicos,30.01,26,Filial 6,2022-12-12 03:29:53.201930
Batom líquido,Alimentos,5.64,95,Filial 6,2022-09-28 03:29:53.201930
Blush em pó,Roupas,85.78,53,Filial 9,2022-11-28 03:29:53.201930
Pó compacto,Alimentos,17.21,75,Filial 4,2023-07-25 03:29:53.201930
Lápis de sobrancelha,Eletrodomésticos,73.24,65,Filial 5,2022-11-10 03:29:53.201930
Base líquida,Eletrônicos,60.06,87,Filial 7,2023-02-14 03:29:53.201930
Corretivo,Eletrônicos,45.14,94,Filial 1,2022-11-26 03:29:53.201930
Base líquida,Roupas,22.78,68,Filial 9,2023-02-02 03:29:53.201930
Blush em pó,Alimentos,55.52,33,Filial 6,2023-06-11 03:29:53.201930
Lápis de sobrancelha,Eletrônicos,14.2,10,Filial 6,2022-10-22 03:29:53.201930
Lápis de sobrancelha,Eletrônicos,82.46,47,Filial 5,2023-06-28 03:29:53.201930
Corretivo,Eletrônicos,21.49,16,Filial 10,2022-08-29 03:29:53.201930
Máscara de cílios,Eletrodomésticos,16.48,64,Filial 8,2022-10-09 03:29:53.201930
Pó compacto,Eletrônicos,81.83,4,Filial 4,2023-07-12 03:29:53.201930
Blush em pó,Roupas,9.69,49,Filial 3,2023-06-06 03:29:53.201930
Máscara de cílios,Roupas,46.52,68,Filial 2,2023-06-11 03:29:53.201930
Batom matte,Eletrônicos,87.42,57,Filial 3,2022-09-22 03:29:53.201930
Corretivo,Alimentos,70.88,59,Filial 3,2023-03-12 03:29:53.201930
Máscara de cílios,Eletrodomésticos,87.29,18,Filial 9,2023-03-02 03:29:53.201930
Base líquida,Eletrônicos,14.71,67,Filial 9,2023-01-21 03:29:53.201930
Máscara de cílios,Alimentos,42.15,65,Filial 2,2023-01-09 03:29:53.201930
Corretivo,Roupas,33.59,38,Filial 2,2022-09-25 03:29:53.201930
Delineador líquido,Alimentos,84.24,73,Filial 10,2022-12-17 03:29:53.201930
Batom matte,Eletrônicos,45.88,13,Filial 4,2023-06-09 03:29:53.201930
Corretivo,Eletrodomésticos,9.7,15,Filial 9,2023-01-14 03:29:53.201930
Blush em pó,Roupas,80.98,6,Filial 3,2022-09-06 03:29:53.201930
Delineador líquido,Alimentos,3.7,37,Filial 7,2022-11-17 03:29:53.201930
Lápis de sobrancelha,Alimentos,7.37,51,Filial 3,2023-02-07 03:29:53.201930
Sombra de olhos,Eletrodomésticos,21.27,97,Filial 10,2022-11-19 03:29:53.201930
Base líquida,Alimentos,49.3,17,Filial 3,2023-06-19 03:29:53.201930
Base líquida,Eletrodomésticos,24.23,53,Filial 5,2023-03-18 03:29:53.201930
Lápis de sobrancelha,Alimentos,8.96,75,Filial 10,2023-04-02 03:29:53.201930
Blush em pó,Alimentos,18.26,97,Filial 9,2022-11-26 03:29:53.201930
Sombra de olhos,Eletrodomésticos,55.64,76,Filial 7,2023-04-05 03:29:53.201930
Corretivo,Alimentos,15.12,57,Filial 6,2023-04-03 03:29:53.201930
Pó compacto,Eletrodomésticos,86.13,22,Filial 1,2022-11-17 03:29:53.201930
Corretivo,Alimentos,17.45,35,Filial 1,2022-11-16 03:29:53.201930
Máscara de cílios,Eletrônicos,46.45,13,Filial 1,2023-02-25 03:29:53.201930
Pó compacto,Roupas,71.06,19,Filial 2,2023-07-17 03:29:53.201930
Delineador líquido,Alimentos,79.98,46,Filial 9,2022-10-06 03:29:53.201930
Base líquida,Eletrodomésticos,79.87,100,Filial 7,2023-07-31 03:29:53.201930
Delineador líquido,Eletrodomésticos,33.04,53,Filial 7,2023-03-23 03:29:53.201930
Lápis de sobrancelha,Eletrônicos,58.22,72,Filial 9,2023-07-22 03:29:53.201930
Corretivo,Eletrônicos,75.96,55,Filial 4,2023-01-21 03:29:53.201930
Batom matte,Alimentos,50.78,48,Filial 9,2023-05-14 03:29:53.201930
Pó compacto,Eletrodomésticos,16.51,58,Filial 1,2023-05-06 03:29:53.201930
Base líquida,Eletrônicos,88.74,73,Filial 2,2022-12-13 03:29:53.201930
Batom matte,Eletrodomésticos,2.01,44,Filial 10,2022-09-15 03:29:53.201930
Máscara de cílios,Eletrônicos,22.35,10,Filial 1,2022-09-20 03:29:53.201930
Delineador líquido,Eletrônicos,51.11,97,Filial 9,2023-05-08 03:29:53.201930
Delineador líquido,Alimentos,39.68,65,Filial 7,2023-05-29 03:29:53.201930
Corretivo,Roupas,14.52,15,Filial 6,2023-05-31 03:29:53.201930
Máscara de cílios,Roupas,13.03,8,Filial 1,2023-05-07 03:29:53.201930
Sombra de olhos,Eletrodomésticos,54.09,42,Filial 5,2022-10-15 03:29:53.201930
Corretivo,Eletrônicos,79.2,69,Filial 7,2023-05-06 03:29:53.201930
Lápis de sobrancelha,Eletrônicos,17.65,63,Filial 2,2023-02-07 03:29:53.201930
Blush em pó,Eletrodomésticos,53.35,100,Filial 4,2023-07-17 03:29:53.201930
Lápis de sobrancelha,Roupas,50.87,73,Filial 1,2023-04-12 03:29:53.201930
Batom líquido,Alimentos,55.73,75,Filial 6,2023-05-14 03:29:53.201930
Pó compacto,Alimentos,26.35,84,Filial 3,2023-07-04 03:29:53.201930
Lápis de sobrancelha,Eletrodomésticos,61.64,42,Filial 7,2023-01-11 03:29:53.201930
Delineador líquido,Eletrodomésticos,36.82,85,Filial 10,2023-01-28 03:29:53.201930
Máscara de cílios,Alimentos,74.03,3,Filial 1,2022-10-31 03:29:53.201930
Lápis de sobrancelha,Eletrodomésticos,24.44,66,Filial 1,2023-05-16 03:29:53.201930
Batom líquido,Eletrônicos,32.19,11,Filial 10,2023-03-10 03:29:53.201930
Batom matte,Eletrodomésticos,11.59,64,Filial 6,2023-08-19 03:29:53.201930
Lápis de sobrancelha,Eletrodomésticos,4.81,51,Filial 10,2022-12-19 03:29:53.201930
Batom matte,Roupas,98.05,49,Filial 4,2022-09-26 03:29:53.201930
Sombra de olhos,Eletrodomésticos,75.15,80,Filial 9,2023-08-02 03:29:53.201930
Blush em pó,Alimentos,55.74,40,Filial 8,2022-12-31 03:29:53.201930
Corretivo,Eletrônicos,85.44,9,Filial 10,2023-05-23 03:29:53.201930
Lápis de sobrancelha,Eletrônicos,43.03,37,Filial 3,2022-12-13 03:29:53.201930
Blush em pó,Eletrônicos,41.8,58,Filial 7,2023-01-07 03:29:53.201930
Batom líquido,Roupas,25.07,18,Filial 3,2022-11-18 03:29:53.201930
Batom líquido,Alimentos,52.34,100,Filial 8,2022-10-08 03:29:53.201930
Lápis de sobrancelha,Eletrodomésticos,19.83,86,Filial 10,2023-03-19 03:29:53.201930
Lápis de sobrancelha,Roupas,18.74,3,Filial 6,2023-07-22 03:29:53.201930
Batom matte,Roupas,87.96,71,Filial 9,2023-06-27 03:29:53.201930
Corretivo,Alimentos,59.41,34,Filial 4,2022-10-09 03:29:53.201930
Lápis de sobrancelha,Eletrodomésticos,86.44,62,Filial 8,2022-11-24 03:29:53.201930
Pó compacto,Eletrodomésticos,71.76,82,Filial 2,2023-03-21 03:29:53.201930
Corretivo,Eletrônicos,22.58,41,Filial 6,2023-08-03 03:29:53.201930
Batom matte,Alimentos,30.74,28,Filial 1,2023-03-21 03:29:53.201930
Delineador líquido,Alimentos,29.01,98,Filial 3,2023-04-30 03:29:53.201930
Sombra de olhos,Eletrodomésticos,12.02,14,Filial 8,2023-05-25 03:29:53.201930
Batom matte,Eletrônicos,52.33,100,Filial 1,2023-06-06 03:29:53.201930
Corretivo,Alimentos,71.72,59,Filial 9,2023-04-22 03:29:53.201930
Máscara de cílios,Eletrodomésticos,33.12,30,Filial 8,2022-11-28 03:29:53.201930
Blush em pó,Eletrônicos,34.01,56,Filial 5,2023-01-30 03:29:53.201930
Base líquida,Eletrônicos,59.21,21,Filial 1,2023-06-19 03:29:53.201930
Pó compacto,Eletrônicos,93.77,55,Filial 6,2023-03-01 03:29:53.201930
Corretivo,Eletrônicos,60.78,39,Filial 5,2022-09-07 03:29:53.201930
Delineador líquido,Eletrodomésticos,97.8,99,Filial 1,2023-05-28 03:29:53.201930
Sombra de olhos,Alimentos,90.38,51,Filial 1,2022-11-27 03:29:53.201930
Pó compacto,Eletrodomésticos,8.89,74,Filial 9,2022-11-24 03:29:53.201930
Corretivo,Alimentos,27.29,55,Filial 7,2023-08-10 03:29:53.201930
Corretivo,Alimentos,58.78,45,Filial 9,2022-09-30 03:29:53.201930
Batom líquido,Alimentos,94.14,81,Filial 9,2022-10-27 03:29:53.201930
Corretivo,Alimentos,21.7,86,Filial 4,2022-10-04 03:29:53.201930
Base líquida,Roupas,74.02,79,Filial 1,2023-06-10 03:29:53.201930
Pó compacto,Alimentos,1.01,26,Filial 8,2022-11-30 03:29:53.201930
Lápis de sobrancelha,Eletrodomésticos,27.05,8,Filial 5,2022-08-29 03:29:53.201930
Máscara de cílios,Roupas,67.25,70,Filial 4,2022-12-21 03:29:53.201930
Blush em pó,Roupas,96.57,11,Filial 9,2023-06-13 03:29:53.201930
Pó compacto,Alimentos,49.24,79,Filial 1,2023-06-10 03:29:53.201930
Delineador líquido,Roupas,66.12,54,Filial 8,2022-09-29 03:29:53.201930
Delineador líquido,Eletrodomésticos,59.74,32,Filial 9,2023-01-13 03:29:53.201930
Batom matte,Alimentos,69.47,17,Filial 6,2023-07-14 03:29:53.201930
Batom líquido,Alimentos,30.08,52,Filial 8,2023-05-17 03:29:53.201930
Sombra de olhos,Roupas,22.16,11,Filial 4,2023-04-27 03:29:53.201930
Lápis de sobrancelha,Eletrônicos,70.5,73,Filial 9,2022-11-11 03:29:53.201930
Blush em pó,Alimentos,43.19,31,Filial 10,2022-10-18 03:29:53.201930
Delineador líquido,Alimentos,53.25,52,Filial 6,2023-07-17 03:29:53.201930
Sombra de olhos,Roupas,83.85,30,Filial 10,2022-11-16 03:29:53.201930
Lápis de sobrancelha,Roupas,55.79,88,Filial 6,2023-03-18 03:29:53.201930
Base líquida,Alimentos,20.83,53,Filial 10,2023-02-08 03:29:53.201930
Corretivo,Roupas,72.64,55,Filial 1,2023-01-16 03:29:53.201930
Lápis de sobrancelha,Roupas,11.79,93,Filial 10,2022-12-05 03:29:53.201930
Blush em pó,Alimentos,2.38,10,Filial 7,2023-01-09 03:29:53.201930
Batom líquido,Roupas,7.24,80,Filial 3,2023-05-04 03:29:53.201930
Corretivo,Eletrônicos,1.91,36,Filial 10,2022-11-11 03:29:53.201930
Lápis de sobrancelha,Alimentos,54.83,44,Filial 2,2022-12-31 03:29:53.201930
Pó compacto,Eletrônicos,86.79,73,Filial 4,2023-04-26 03:29:53.201930
Base líquida,Roupas,21.17,38,Filial 6,2022-09-11 03:29:53.201930
Máscara de cílios,Alimentos,49.0,57,Filial 2,2023-04-15 03:29:53.201930
Blush em pó,Roupas,74.03,11,Filial 8,2023-08-01 03:29:53.201930
Pó compacto,Eletrônicos,45.74,2,Filial 2,2023-01-27 03:29:53.201930
Delineador líquido,Alimentos,64.28,13,Filial 8,2023-08-06 03:29:53.201930
Blush em pó,Alimentos,78.92,91,Filial 4,2023-05-31 03:29:53.201930
Sombra de olhos,Alimentos,61.5,33,Filial 6,2022-12-01 03:29:53.201930
Delineador líquido,Roupas,58.14,53,Filial 7,2023-04-04 03:29:53.201930
Máscara de cílios,Eletrodomésticos,4.06,74,Filial 2,2022-11-19 03:29:53.201930
Lápis de sobrancelha,Eletrodomésticos,57.22,5,Filial 5,2023-03-23 03:29:53.201930
Blush em pó,Eletrônicos,89.11,55,Filial 8,2022-09-01 03:29:53.201930
Lápis de sobrancelha,Eletrônicos,6.12,70,Filial 3,2023-02-21 03:29:53.201930
Pó compacto,Eletrônicos,58.75,74,Filial 1,2022-08-29 03:29:53.201930
Blush em pó,Roupas,3.61,6,Filial 3,2022-11-10 03:29:53.201930
Pó compacto,Eletrônicos,28.62,11,Filial 5,2023-01-02 03:29:53.201930
Corretivo,Roupas,29.39,35,Filial 2,2023-05-15 03:29:53.201930
Sombra de olhos,Eletrodomésticos,43.82,12,Filial 10,2023-07-06 03:29:53.201930
Pó compacto,Roupas,84.06,67,Filial 3,2023-06-04 03:29:53.201930
Sombra de olhos,Roupas,31.5,64,Filial 5,2023-07-15 03:29:53.201930
Máscara de cílios,Eletrodomésticos,53.26,1,Filial 10,2023-07-28 03:29:53.201930
Pó compacto,Alimentos,90.17,8,Filial 4,2022-12-31 03:29:53.201930
Delineador líquido,Eletrodomésticos,67.07,69,Filial 6,2022-10-10 03:29:53.201930
Blush em pó,Alimentos,16.35,75,Filial 6,2022-10-03 03:29:53.201930
Batom matte,Eletrodomésticos,45.71,45,Filial 5,2023-04-14 03:29:53.201930
Sombra de olhos,Roupas,57.13,92,Filial 7,2023-04-19 03:29:53.201930
Base líquida,Roupas,28.26,68,Filial 9,2023-01-10 03:29:53.201930
Lápis de sobrancelha,Eletrônicos,71.63,8,Filial 3,2023-06-20 03:29:53.201930
Batom líquido,Roupas,34.7,25,Filial 7,2023-07-22 03:29:53.201930
Base líquida,Eletrônicos,47.62,12,Filial 5,2023-03-26 03:29:53.201930
Corretivo,Eletrônicos,64.54,32,Filial 8,2023-05-22 03:29:53.201930
Delineador líquido,Eletrodomésticos,52.56,80,Filial 9,2022-11-27 03:29:53.201930
Batom matte,Eletrodomésticos,70.12,68,Filial 2,2022-09-16 03:29:53.201930
Delineador líquido,Eletrodomésticos,68.72,89,Filial 1,2023-04-05 03:29:53.201930
Corretivo,Alimentos,51.03,11,Filial 6,2022-09-02 03:29:53.201930
Lápis de sobrancelha,Roupas,59.84,77,Filial 7,2022-11-22 03:29:53.201930
Corretivo,Alimentos,5.66,24,Filial 7,2022-10-01 03:29:53.201930
Batom matte,Eletrônicos,72.24,51,Filial 1,2023-05-17 03:29:53.201930
Blush em pó,Eletrodomésticos,40.62,24,Filial 2,2023-01-08 03:29:53.201930
Lápis de sobrancelha,Eletrodomésticos,56.15,16,Filial 6,2023-03-29 03:29:53.201930
Máscara de cílios,Alimentos,25.71,29,Filial 1,2023-07-25 03:29:53.201930
Pó compacto,Eletrônicos,80.74,75,Filial 10,2022-11-26 03:29:53.201930
Batom matte,Eletrodomésticos,51.6,56,Filial 8,2023-08-06 03:29:53.201930
Batom matte,Eletrodomésticos,68.61,15,Filial 9,2022-10-06 03:29:53.201930
Base líquida,Eletrônicos,70.72,5,Filial 9,2023-05-09 03:29:53.201930
Batom líquido,Eletrodomésticos,66.36,72,Filial 9,2022-11-14 03:29:53.201930
Pó compacto,Eletrônicos,8.72,15,Filial 8,2023-02-06 03:29:53.201930
Lápis de sobrancelha,Roupas,5.74,100,Filial 3,2023-07-11 03:29:53.201930
Pó compacto,Alimentos,84.65,43,Filial 9,2023-07-12 03:29:53.201930
Batom matte,Roupas,12.11,68,Filial 10,2023-03-07 03:29:53.201930
Corretivo,Alimentos,92.59,53,Filial 9,2023-06-04 03:29:53.201930
Base líquida,Roupas,76.57,17,Filial 3,2022-11-25 03:29:53.201930
Lápis de sobrancelha,Alimentos,46.72,49,Filial 7,2023-06-09 03:29:53.201930
Corretivo,Roupas,61.03,5,Filial 5,2022-10-16 03:29:53.201930
Base líquida,Eletrônicos,63.08,48,Filial 9,2022-09-05 03:29:53.201930
Blush em pó,Alimentos,16.66,98,Filial 1,2023-06-13 03:29:53.201930
Corretivo,Eletrônicos,70.9,89,Filial 8,2023-03-31 03:29:53.201930
Corretivo,Roupas,21.44,83,Filial 1,2022-12-31 03:29:53.201930
Base líquida,Roupas,98.62,43,Filial 5,2022-12-19 03:29:53.201930
Corretivo,Eletrônicos,31.93,7,Filial 9,2022-12-31 03:29:53.201930
Sombra de olhos,Roupas,44.12,25,Filial 9,2023-02-05 03:29:53.201930
Delineador líquido,Alimentos,86.35,81,Filial 2,2022-09-30 03:29:53.201930
Blush em pó,Eletrodomésticos,48.2,26,Filial 2,2022-10-01 03:29:53.201930
Sombra de olhos,Roupas,52.31,10,Filial 4,2022-11-08 03:29:53.201930
Sombra de olhos,Eletrodomésticos,47.53,71,Filial 5,2023-08-11 03:29:53.201930
Máscara de cílios,Eletrodomésticos,14.07,35,Filial 4,2022-12-31 03:29:53.201930
Corretivo,Eletrônicos,70.49,69,Filial 5,2023-06-28 03:29:53.201930
Máscara de cílios,Eletrônicos,74.76,8,Filial 3,2023-02-25 03:29:53.201930
Lápis de sobrancelha,Eletrônicos,13.17,54,Filial 2,2023-08-13 03:29:53.201930
Máscara de cílios,Roupas,67.82,40,Filial 6,2022-09-16 03:29:53.201930
Batom líquido,Eletrônicos,8.03,97,Filial 9,2023-05-13 03:29:53.201930
Delineador líquido,Eletrodomésticos,36.26,86,Filial 7,2023-01-08 03:29:53.201930
Blush em pó,Roupas,91.4,36,Filial 3,2023-07-16 03:29:53.201930
Batom líquido,Alimentos,10.16,38,Filial 7,2022-08-27 03:29:53.201930
Batom líquido,Eletrônicos,38.36,20,Filial 1,2023-01-11 03:29:53.201930
Pó compacto,Eletrodomésticos,57.95,4,Filial 7,2023-04-18 03:29:53.201930
Batom matte,Eletrônicos,30.22,79,Filial 3,2022-08-25 03:29:53.201930
Base líquida,Eletrodomésticos,2.61,64,Filial 9,2023-02-10 03:29:53.201930
Máscara de cílios,Eletrodomésticos,34.51,3,Filial 1,2023-04-04 03:29:53.201930
Base líquida,Eletrônicos,26.82,59,Filial 6,2023-01-26 03:29:53.201930
Pó compacto,Eletrônicos,25.6,93,Filial 5,2022-12-13 03:29:53.201930
Batom matte,Roupas,43.13,72,Filial 5,2023-06-12 03:29:53.201930
Lápis de sobrancelha,Alimentos,54.56,14,Filial 7,2022-09-15 03:29:53.201930
Delineador líquido,Eletrônicos,90.08,95,Filial 5,2023-03-25 03:29:53.201930
Batom matte,Roupas,56.43,35,Filial 6,2023-06-11 03:29:53.201930
Pó compacto,Eletrodomésticos,21.83,85,Filial 7,2023-07-13 03:29:53.201930
Batom matte,Eletrônicos,25.6,53,Filial 4,2022-11-15 03:29:53.201930
Máscara de cílios,Alimentos,28.19,97,Filial 2,2023-06-28 03:29:53.201930
Corretivo,Eletrodomésticos,41.35,6,Filial 3,2023-01-17 03:29:53.201930
Corretivo,Roupas,45.56,94,Filial 5,2023-03-10 03:29:53.201930
Máscara de cílios,Alimentos,55.78,55,Filial 5,2023-05-15 03:29:53.201930
Lápis de sobrancelha,Alimentos,17.57,64,Filial 3,2023-06-28 03:29:53.201930
Pó compacto,Roupas,49.59,26,Filial 8,2023-08-13 03:29:53.201930
Máscara de cílios,Eletrodomésticos,52.93,13,Filial 5,2023-02-06 03:29:53.201930
Blush em pó,Alimentos,76.01,77,Filial 5,2023-04-21 03:29:53.201930
Batom matte,Roupas,69.77,48,Filial 10,2023-07-26 03:29:53.201930
Lápis de sobrancelha,Alimentos,61.5,16,Filial 1,2023-08-03 03:29:53.201930
Base líquida,Alimentos,86.81,36,Filial 8,2023-07-20 03:29:53.201930
Batom líquido,Alimentos,69.27,38,Filial 8,2022-10-14 03:29:53.201930
Base líquida,Eletrodomésticos,93.4,85,Filial 10,2022-12-06 03:29:53.201930
Sombra de olhos,Roupas,83.98,72,Filial 6,2023-01-05 03:29:53.201930
Blush em pó,Eletrodomésticos,24.28,47,Filial 5,2023-05-18 03:29:53.201930
Delineador líquido,Roupas,44.58,93,Filial 7,2023-06-26 03:29:53.201930
Lápis de sobrancelha,Eletrônicos,18.94,93,Filial 7,2022-11-28 03:29:53.201930
Base líquida,Roupas,35.37,91,Filial 2,2023-05-14 03:29:53.201930
Máscara de cílios,Eletrodomésticos,65.01,14,Filial 8,2022-11-27 03:29:53.201930
Batom matte,Roupas,95.57,60,Filial 10,2023-03-11 03:29:53.201930
Corretivo,Eletrodomésticos,70.9,42,Filial 4,2023-04-14 03:29:53.201930
Delineador líquido,Eletrônicos,4.47,77,Filial 5,2023-07-22 03:29:53.201930
Lápis de sobrancelha,Alimentos,99.83,99,Filial 9,2022-12-20 03:29:53.201930
Batom matte,Eletrônicos,35.62,62,Filial 7,2023-06-22 03:29:53.201930
Máscara de cílios,Eletrônicos,70.24,79,Filial 10,2023-01-13 03:29:53.201930
Pó compacto,Eletrodomésticos,92.26,29,Filial 7,2023-05-10 03:29:53.201930
Lápis de sobrancelha,Eletrônicos,2.26,97,Filial 7,2022-12-26 03:29:53.201930
Pó compacto,Alimentos,81.5,81,Filial 9,2023-02-04 03:29:53.201930
